controllerID,controllerChannel,panel,spiralNum,position,Feather,Rung,X in Inches,Y in Inches,Z in Inches
1,3,3,24,125,0,22,-22.63,16.27,0
1,3,3,24,124,0,22,-21.89,18.33,0
1,4,4,24,123,0,21,-19.54,23.18,0
1,4,4,24,122,0,21,-17.94,25.58,0
1,5,5,24,121,0,20,-14.07,29.91,0
1,5,5,24,120,0,20,-12.67,31.09,0
1,5,5,24,119,0,20,-11.28,32.27,0
1,6,6,24,118,0,19,-6.74,35.04,0
1,6,6,24,117,0,19,-4.74,35.86,0
1,6,6,24,116,0,19,-2.76,36.68,0
1,7,7,24,115,0,18,2.78,38.17,0
1,7,7,24,114,0,18,5.28,38.5,0
1,7,7,24,113,0,18,7.77,38.81,0
1,8,8,24,112,0,17,13.09,38.95,0
1,8,8,24,111,0,17,16.05,38.68,0
1,8,8,24,110,0,17,19,38.42,0
1,9,9,24,109,0,16,24.7,37.23,0
1,9,9,24,108,0,16,26.92,36.47,0
1,9,9,24,107,0,16,29.15,35.71,0
1,9,9,24,106,0,16,31.38,34.95,0
1,10,10,24,105,0,15,36.21,32.6,0
1,10,10,24,104,0,15,38.49,31.07,0
1,10,10,24,103,0,15,40.77,29.55,0
1,10,10,24,102,0,15,43.06,28.02,0
1,11,11,24,101,0,14,47.41,24.16,0
1,11,11,24,100,0,14,49.42,21.76,0
1,11,11,24,99,0,14,51.44,19.35,0
1,11,11,24,98,0,14,53.46,16.95,0
1,12,12,24,97,0,13,56.25,12.42,0
1,12,12,24,96,0,13,57.23,9.99,0
1,12,12,24,95,0,13,58.2,7.57,0
1,12,12,24,94,0,13,59.17,5.15,0
1,12,12,24,93,0,13,59.53,2.72,0
1,3,3,23,11,0,1,-107.81,104.17,0
1,3,3,23,10,0,1,-110.67,101.95,0
1,3,3,23,9,0,1,-113.54,99.73,0
1,3,3,23,8,0,1,-116.41,97.51,0
1,3,3,23,7,0,1,-119.27,95.29,0
1,3,3,23,6,0,1,-122.14,93.07,0
1,3,3,23,5,0,1,-125.01,90.85,0
1,3,3,23,4,0,1,-127.87,88.63,0
1,3,3,23,3,0,1,-130.74,86.41,0
1,3,3,23,2,0,1,-133.61,84.19,0
1,3,3,23,1,0,1,-136.47,81.97,0
1,4,4,23,22,0,2,-71.56,118.38,0
1,4,4,23,21,0,2,-74.72,117.22,0
1,4,4,23,20,0,2,-77.88,116.06,0
1,4,4,23,19,0,2,-81.04,114.9,0
1,4,4,23,18,0,2,-84.21,113.75,0
1,4,4,23,17,0,2,-87.37,112.59,0
1,4,4,23,16,0,2,-90.53,111.43,0
1,4,4,23,15,0,2,-93.7,110.27,0
1,4,4,23,14,0,2,-96.86,109.12,0
1,4,4,23,13,0,2,-100.02,107.96,0
1,4,4,23,12,0,2,-103.19,106.8,0
1,5,5,23,32,0,3,-35.26,121.69,0
1,5,5,23,31,0,3,-38.66,121.46,0
1,5,5,23,30,0,3,-42.06,121.22,0
1,5,5,23,29,0,3,-45.46,120.98,0
1,5,5,23,28,0,3,-48.86,120.75,0
1,5,5,23,27,0,3,-52.26,120.51,0
1,5,5,23,26,0,3,-55.66,120.28,0
1,5,5,23,25,0,3,-59.06,120.04,0
1,5,5,23,24,0,3,-62.46,119.81,0
1,5,5,23,23,0,3,-65.86,119.57,0
1,6,6,23,41,0,4,-2.77,116.04,0
1,6,6,23,40,0,4,-6.16,116.7,0
1,6,6,23,39,0,4,-9.55,117.35,0
1,6,6,23,38,0,4,-12.94,118.01,0
1,6,6,23,37,0,4,-16.33,118.67,0
1,6,6,23,36,0,4,-19.72,119.32,0
1,6,6,23,35,0,4,-23.11,119.98,0
1,6,6,23,34,0,4,-26.5,120.64,0
1,6,6,23,33,0,4,-29.89,121.29,0
1,7,7,23,49,0,5,25.17,103.88,0
1,7,7,23,48,0,5,21.97,105.35,0
1,7,7,23,47,0,5,18.76,106.82,0
1,7,7,23,46,0,5,15.55,108.3,0
1,7,7,23,45,0,5,12.34,109.77,0
1,7,7,23,44,0,5,9.14,111.25,0
1,7,7,23,43,0,5,5.93,112.72,0
1,7,7,23,42,0,5,2.72,114.19,0
1,8,8,23,56,0,6,47.39,87.65,0
1,8,8,23,55,0,6,44.45,89.9,0
1,8,8,23,54,0,6,41.5,92.14,0
1,8,8,23,53,0,6,38.56,94.38,0
1,8,8,23,52,0,6,35.61,96.63,0
1,8,8,23,51,0,6,32.66,98.87,0
1,8,8,23,50,0,6,29.72,101.12,0
1,9,9,23,63,0,7,63.91,67.54,0
1,9,9,23,62,0,7,61.83,70.22,0
1,9,9,23,61,0,7,59.74,72.89,0
1,9,9,23,60,0,7,57.65,75.56,0
1,9,9,23,59,0,7,55.57,78.23,0
1,9,9,23,58,0,7,53.48,80.9,0
1,9,9,23,57,0,7,51.4,83.57,0
1,10,10,23,70,0,8,72.89,45.3,0
1,10,10,23,69,0,8,71.82,48.22,0
1,10,10,23,68,0,8,70.75,51.15,0
1,10,10,23,67,0,8,69.67,54.08,0
1,10,10,23,66,0,8,68.6,57.01,0
1,10,10,23,65,0,8,67.53,59.94,0
1,10,10,23,64,0,8,66.45,62.87,0
1,11,11,23,76,0,9,75.23,22.81,0
1,11,11,23,75,0,9,74.99,26.17,0
1,11,11,23,74,0,9,74.75,29.53,0
1,11,11,23,73,0,9,74.51,32.88,0
1,11,11,23,72,0,9,74.27,36.24,0
1,11,11,23,71,0,9,74.04,39.6,0
1,12,12,23,82,0,10,71.97,2.78,0
1,12,12,23,81,0,10,72.54,5.71,0
1,12,12,23,80,0,10,73.12,8.65,0
1,12,12,23,79,0,10,73.69,11.58,0
1,12,12,23,78,0,10,74.27,14.51,0
1,12,12,23,77,0,10,74.84,17.45,0
1,1,1,22,125,0,22,-27.73,2.77,0
1,1,1,22,124,0,22,-28.12,4.93,0
1,2,2,22,123,0,21,-28.51,10.3,0
1,2,2,22,122,0,21,-28.33,13.18,0
1,3,3,22,121,0,20,-27.15,18.87,0
1,3,3,22,120,0,20,-26.52,20.59,0
1,3,3,22,119,0,20,-25.9,22.31,0
1,4,4,22,118,0,19,-23.35,26.98,0
1,4,4,22,117,0,19,-22.04,28.68,0
1,4,4,22,116,0,19,-20.72,30.38,0
1,5,5,22,115,0,18,-16.67,34.44,0
1,5,5,22,114,0,18,-14.68,35.98,0
1,5,5,22,113,0,18,-12.67,37.5,0
1,6,6,22,112,0,17,-8.14,40.27,0
1,6,6,22,111,0,17,-5.44,41.52,0
1,6,6,22,110,0,17,-2.75,42.77,0
1,7,7,22,109,0,16,2.77,44.59,0
1,7,7,22,108,0,16,5.08,45.05,0
1,7,7,22,107,0,16,7.39,45.5,0
1,7,7,22,106,0,16,9.7,45.96,0
1,8,8,22,105,0,15,15.06,46.34,0
1,8,8,22,104,0,15,17.8,46.16,0
1,8,8,22,103,0,15,20.54,45.98,0
1,8,8,22,102,0,15,23.28,45.8,0
1,9,9,22,101,0,14,28.97,44.63,0
1,9,9,22,100,0,14,31.92,43.56,0
1,9,9,22,99,0,14,34.87,42.48,0
1,9,9,22,98,0,14,37.82,41.41,0
1,10,10,22,97,0,13,42.51,38.88,0
1,10,10,22,96,0,13,44.56,37.27,0
1,10,10,22,95,0,13,46.62,35.66,0
1,10,10,22,94,0,13,48.67,34.04,0
1,10,10,22,93,0,13,50.2,32.12,0
1,11,11,22,92,0,12,54.82,28.44,0
1,11,11,22,91,0,12,56.6,26.14,0
1,11,11,22,90,0,12,58.37,23.84,0
1,11,11,22,89,0,12,60.14,21.54,0
1,11,11,22,88,0,12,61.92,19.24,0
1,12,12,22,87,0,11,64.66,14.68,0
1,12,12,22,86,0,11,65.93,11.88,0
1,12,12,22,85,0,11,67.4,8.7,0
1,12,12,22,84,0,11,68.87,5.53,0
1,12,12,22,83,0,11,70.12,2.72,0
1,1,1,21,123,0,21,-29.84,5.33,0
1,1,1,21,122,0,21,-31.12,2.74,0
1,2,2,21,125,0,22,-25.4,11.46,0
1,2,2,21,124,0,22,-26.82,9.79,0
1,5,5,21,11,0,1,-41.28,144.11,0
1,5,5,21,10,0,1,-44.87,143.62,0
1,5,5,21,9,0,1,-48.46,143.14,0
1,5,5,21,8,0,1,-52.06,142.65,0
1,5,5,21,7,0,1,-55.65,142.16,0
1,5,5,21,6,0,1,-59.24,141.67,0
1,5,5,21,5,0,1,-62.83,141.18,0
1,5,5,21,4,0,1,-66.43,140.69,0
1,5,5,21,3,0,1,-70.02,140.2,0
1,5,5,21,2,0,1,-73.61,139.71,0
1,5,5,21,1,0,1,-77.2,139.22,0
1,6,6,21,22,0,2,-2.78,138.29,0
1,6,6,21,21,0,2,-6.1,138.87,0
1,6,6,21,20,0,2,-9.42,139.45,0
1,6,6,21,19,0,2,-12.73,140.03,0
1,6,6,21,18,0,2,-16.05,140.61,0
1,6,6,21,17,0,2,-19.37,141.19,0
1,6,6,21,16,0,2,-22.69,141.77,0
1,6,6,21,15,0,2,-26.01,142.35,0
1,6,6,21,14,0,2,-29.32,142.93,0
1,6,6,21,13,0,2,-32.64,143.51,0
1,6,6,21,12,0,2,-35.96,144.08,0
1,7,7,21,32,0,3,30.31,123.02,0
1,7,7,21,31,0,3,27.25,124.51,0
1,7,7,21,30,0,3,24.18,126.01,0
1,7,7,21,29,0,3,21.12,127.51,0
1,7,7,21,28,0,3,18.06,129,0
1,7,7,21,27,0,3,15,130.5,0
1,7,7,21,26,0,3,11.93,131.99,0
1,7,7,21,25,0,3,8.87,133.49,0
1,7,7,21,24,0,3,5.81,134.99,0
1,7,7,21,23,0,3,2.75,136.48,0
1,8,8,21,41,0,4,55.62,101.88,0
1,8,8,21,40,0,4,53.02,104.14,0
1,8,8,21,39,0,4,50.41,106.41,0
1,8,8,21,38,0,4,47.8,108.67,0
1,8,8,21,37,0,4,45.19,110.93,0
1,8,8,21,36,0,4,42.58,113.2,0
1,8,8,21,35,0,4,39.97,115.46,0
1,8,8,21,34,0,4,37.37,117.73,0
1,8,8,21,33,0,4,34.76,119.99,0
1,9,9,21,49,0,5,73.74,77.37,0
1,9,9,21,48,0,5,71.7,80.25,0
1,9,9,21,47,0,5,69.66,83.13,0
1,9,9,21,46,0,5,67.62,86.01,0
1,9,9,21,45,0,5,65.58,88.89,0
1,9,9,21,44,0,5,63.54,91.77,0
1,9,9,21,43,0,5,61.5,94.65,0
1,9,9,21,42,0,5,59.46,97.53,0
1,10,10,21,56,0,6,84.87,52.21,0
1,10,10,21,55,0,6,83.44,55.63,0
1,10,10,21,54,0,6,82.01,59.05,0
1,10,10,21,53,0,6,80.58,62.46,0
1,10,10,21,52,0,6,79.15,65.88,0
1,10,10,21,51,0,6,77.72,69.29,0
1,10,10,21,50,0,6,76.3,72.71,0
1,11,11,21,63,0,7,89.12,26.54,0
1,11,11,21,62,0,7,88.65,29.9,0
1,11,11,21,61,0,7,88.18,33.25,0
1,11,11,21,60,0,7,87.71,36.61,0
1,11,11,21,59,0,7,87.24,39.97,0
1,11,11,21,58,0,7,86.77,43.32,0
1,11,11,21,57,0,7,86.3,46.68,0
1,12,12,21,70,0,8,85.78,2.78,0
1,12,12,21,69,0,8,86.31,5.85,0
1,12,12,21,68,0,8,86.85,8.93,0
1,12,12,21,67,0,8,87.38,12,0
1,12,12,21,66,0,8,87.92,15.07,0
1,12,12,21,65,0,8,88.45,18.15,0
1,12,12,21,64,0,8,88.99,21.22,0
1,1,1,20,121,0,20,-32.94,2.77,0
1,1,1,20,120,0,20,-33.26,4.58,0
1,1,1,20,119,0,20,-33.59,6.37,0
1,2,2,20,118,0,19,-33.71,11.69,0
1,2,2,20,117,0,19,-33.43,13.82,0
1,2,2,20,116,0,19,-33.14,15.95,0
1,3,3,20,115,0,18,-31.66,21.49,0
1,3,3,20,114,0,18,-30.7,23.82,0
1,3,3,20,113,0,18,-29.73,26.14,0
1,4,4,20,112,0,17,-27.18,30.81,0
1,4,4,20,111,0,17,-25.47,33.24,0
1,4,4,20,110,0,17,-23.77,35.67,0
1,5,5,20,109,0,16,-19.9,40.01,0
1,5,5,20,108,0,16,-18.13,41.55,0
1,5,5,20,107,0,16,-16.35,43.1,0
1,5,5,20,106,0,16,-14.58,44.65,0
1,6,6,20,105,0,15,-10.12,47.66,0
1,6,6,20,104,0,15,-7.66,48.87,0
1,6,6,20,103,0,15,-5.2,50.09,0
1,6,6,20,102,0,15,-2.74,51.3,0
1,7,7,20,101,0,14,2.78,53.14,0
1,7,7,20,100,0,14,5.87,53.68,0
1,7,7,20,99,0,14,8.96,54.23,0
1,7,7,20,98,0,14,12.05,54.77,0
1,8,8,20,97,0,13,17.37,54.92,0
1,8,8,20,96,0,13,19.96,54.56,0
1,8,8,20,95,0,13,22.54,54.19,0
1,8,8,20,94,0,13,25.13,53.82,0
1,8,8,20,93,0,13,27.41,52.92,0
1,9,9,20,92,0,12,33.26,52.04,0
1,9,9,20,91,0,12,35.94,50.94,0
1,9,9,20,90,0,12,38.63,49.83,0
1,9,9,20,89,0,12,41.32,48.73,0
1,9,9,20,88,0,12,44,47.62,0
1,10,10,20,87,0,11,48.66,45.04,0
1,10,10,20,86,0,11,51.15,43.25,0
1,10,10,20,85,0,11,54.02,41.24,0
1,10,10,20,84,0,11,56.88,39.22,0
1,10,10,20,83,0,11,59.36,37.42,0
1,11,11,20,82,0,10,63.72,33.58,0
1,11,11,20,81,0,10,65.68,31.33,0
1,11,11,20,80,0,10,67.64,29.07,0
1,11,11,20,79,0,10,69.61,26.82,0
1,11,11,20,78,0,10,71.57,24.56,0
1,11,11,20,77,0,10,73.54,22.31,0
1,12,12,20,76,0,9,76.56,17.86,0
1,12,12,20,75,0,9,78.03,14.84,0
1,12,12,20,74,0,9,79.5,11.81,0
1,12,12,20,73,0,9,80.97,8.78,0
1,12,12,20,72,0,9,82.44,5.75,0
1,12,12,20,71,0,9,83.92,2.72,0
1,1,1,19,118,0,19,-35.04,6.74,0
1,1,1,19,117,0,19,-35.86,4.74,0
1,1,1,19,116,0,19,-36.68,2.76,0
1,2,2,19,121,0,20,-29.91,14.07,0
1,2,2,19,120,0,20,-31.09,12.67,0
1,2,2,19,119,0,20,-32.27,11.28,0
1,3,3,19,123,0,21,-23.18,19.54,0
1,3,3,19,122,0,21,-25.58,17.94,0
1,4,4,19,125,0,22,-16.27,22.63,0
1,4,4,19,124,0,22,-18.33,21.89,0
1,7,7,19,11,0,1,36.31,145.45,0
1,7,7,19,10,0,1,32.95,146.82,0
1,7,7,19,9,0,1,29.6,148.19,0
1,7,7,19,8,0,1,26.24,149.56,0
1,7,7,19,7,0,1,22.89,150.94,0
1,7,7,19,6,0,1,19.53,152.31,0
1,7,7,19,5,0,1,16.17,153.68,0
1,7,7,19,4,0,1,12.82,155.05,0
1,7,7,19,3,0,1,9.46,156.43,0
1,7,7,19,2,0,1,6.11,157.8,0
1,7,7,19,1,0,1,2.75,159.17,0
1,8,8,19,22,0,2,66.74,121.16,0
1,8,8,19,21,0,2,64.16,123.32,0
1,8,8,19,20,0,2,61.57,125.48,0
1,8,8,19,19,0,2,58.99,127.64,0
1,8,8,19,18,0,2,56.4,129.8,0
1,8,8,19,17,0,2,53.82,131.96,0
1,8,8,19,16,0,2,51.24,134.12,0
1,8,8,19,15,0,2,48.65,136.28,0
1,8,8,19,14,0,2,46.07,138.44,0
1,8,8,19,13,0,2,43.48,140.6,0
1,8,8,19,12,0,2,40.9,142.76,0
1,9,9,19,32,0,3,87.76,91.38,0
1,9,9,19,31,0,3,85.85,94.21,0
1,9,9,19,30,0,3,83.95,97.04,0
1,9,9,19,29,0,3,82.04,99.86,0
1,9,9,19,28,0,3,80.14,102.69,0
1,9,9,19,27,0,3,78.24,105.52,0
1,9,9,19,26,0,3,76.33,108.34,0
1,9,9,19,25,0,3,74.43,111.17,0
1,9,9,19,24,0,3,72.52,114,0
1,9,9,19,23,0,3,70.62,116.82,0
1,10,10,19,41,0,4,99.11,60.42,0
1,10,10,19,40,0,4,97.98,63.68,0
1,10,10,19,39,0,4,96.86,66.95,0
1,10,10,19,38,0,4,95.73,70.21,0
1,10,10,19,37,0,4,94.6,73.48,0
1,10,10,19,36,0,4,93.48,76.74,0
1,10,10,19,35,0,4,92.35,80.01,0
1,10,10,19,34,0,4,91.22,83.27,0
1,10,10,19,33,0,4,90.1,86.54,0
1,11,11,19,49,0,5,102.55,30.14,0
1,11,11,19,48,0,5,102.22,33.65,0
1,11,11,19,47,0,5,101.89,37.17,0
1,11,11,19,46,0,5,101.56,40.68,0
1,11,11,19,45,0,5,101.24,44.2,0
1,11,11,19,44,0,5,100.91,47.71,0
1,11,11,19,43,0,5,100.58,51.22,0
1,11,11,19,42,0,5,100.26,54.74,0
1,12,12,19,56,0,6,99.61,2.78,0
1,12,12,19,55,0,6,100.08,6.46,0
1,12,12,19,54,0,6,100.55,10.13,0
1,12,12,19,53,0,6,101.02,13.8,0
1,12,12,19,52,0,6,101.49,17.47,0
1,12,12,19,51,0,6,101.96,21.15,0
1,12,12,19,50,0,6,102.43,24.82,0
1,1,1,18,115,0,18,-38.17,2.78,0
1,1,1,18,114,0,18,-38.5,5.28,0
1,1,1,18,113,0,18,-38.81,7.77,0
1,2,2,18,112,0,17,-38.95,13.09,0
1,2,2,18,111,0,17,-38.68,16.05,0
1,2,2,18,110,0,17,-38.42,19,0
1,3,3,18,109,0,16,-37.23,24.7,0
1,3,3,18,108,0,16,-36.47,26.92,0
1,3,3,18,107,0,16,-35.71,29.15,0
1,3,3,18,106,0,16,-34.95,31.38,0
1,4,4,18,105,0,15,-32.6,36.21,0
1,4,4,18,104,0,15,-31.07,38.49,0
1,4,4,18,103,0,15,-29.55,40.77,0
1,4,4,18,102,0,15,-28.02,43.06,0
1,5,5,18,101,0,14,-24.16,47.41,0
1,5,5,18,100,0,14,-21.76,49.42,0
1,5,5,18,99,0,14,-19.35,51.44,0
1,5,5,18,98,0,14,-16.95,53.46,0
1,6,6,18,97,0,13,-12.42,56.25,0
1,6,6,18,96,0,13,-9.99,57.23,0
1,6,6,18,95,0,13,-7.57,58.2,0
1,6,6,18,94,0,13,-5.15,59.17,0
1,6,6,18,93,0,13,-2.72,59.53,0
1,7,7,18,92,0,12,2.78,61.7,0
1,7,7,18,91,0,12,5.66,62.08,0
1,7,7,18,90,0,12,8.54,62.47,0
1,7,7,18,89,0,12,11.42,62.86,0
1,7,7,18,88,0,12,14.3,63.24,0
1,8,8,18,87,0,11,19.62,63.34,0
1,8,8,18,86,0,11,22.67,63.03,0
1,8,8,18,85,0,11,26.16,62.72,0
1,8,8,18,84,0,11,29.65,62.41,0
1,8,8,18,83,0,11,32.7,62.08,0
1,9,9,18,82,0,10,38.39,60.94,0
1,9,9,18,81,0,10,41.22,59.97,0
1,9,9,18,80,0,10,44.05,59,0
1,9,9,18,79,0,10,46.87,58.03,0
1,9,9,18,78,0,10,49.7,57.06,0
1,9,9,18,77,0,10,52.53,56.09,0
1,10,10,18,76,0,9,57.37,53.75,0
1,10,10,18,75,0,9,60.16,51.86,0
1,10,10,18,74,0,9,62.94,49.98,0
1,10,10,18,73,0,9,65.73,48.09,0
1,10,10,18,72,0,9,68.52,46.2,0
1,10,10,18,71,0,9,71.31,44.32,0
1,11,11,18,70,0,8,75.67,40.48,0
1,11,11,18,69,0,8,77.67,38.09,0
1,11,11,18,68,0,8,79.67,35.69,0
1,11,11,18,67,0,8,81.67,33.3,0
1,11,11,18,66,0,8,83.67,30.9,0
1,11,11,18,65,0,8,85.67,28.51,0
1,11,11,18,64,0,8,87.67,26.12,0
1,12,12,18,63,0,7,90.45,21.58,0
1,12,12,18,62,0,7,91.72,18.44,0
1,12,12,18,61,0,7,92.99,15.29,0
1,12,12,18,60,0,7,94.26,12.15,0
1,12,12,18,59,0,7,95.53,9.01,0
1,12,12,18,58,0,7,96.8,5.87,0
1,12,12,18,57,0,7,98.07,2.72,0
1,1,1,17,112,0,17,-40.27,8.14,0
1,1,1,17,111,0,17,-41.52,5.44,0
1,1,1,17,110,0,17,-42.77,2.75,0
1,2,2,17,115,0,18,-34.44,16.67,0
1,2,2,17,114,0,18,-35.98,14.68,0
1,2,2,17,113,0,18,-37.5,12.67,0
1,3,3,17,118,0,19,-26.98,23.35,0
1,3,3,17,117,0,19,-28.69,22.03,0
1,3,3,17,116,0,19,-30.38,20.72,0
1,4,4,17,121,0,20,-18.87,27.15,0
1,4,4,17,120,0,20,-20.59,26.52,0
1,4,4,17,119,0,20,-22.31,25.9,0
1,5,5,17,123,0,21,-10.3,28.51,0
1,5,5,17,122,0,21,-13.18,28.32,0
1,6,6,17,125,0,22,-2.77,27.73,0
1,6,6,17,124,0,22,-4.93,28.12,0
1,9,9,17,11,0,1,104.17,107.81,0
1,9,9,17,10,0,1,101.95,110.67,0
1,9,9,17,9,0,1,99.73,113.54,0
1,9,9,17,8,0,1,97.51,116.41,0
1,9,9,17,7,0,1,95.29,119.27,0
1,9,9,17,6,0,1,93.07,122.14,0
1,9,9,17,5,0,1,90.85,125.01,0
1,9,9,17,4,0,1,88.63,127.87,0
1,9,9,17,3,0,1,86.41,130.74,0
1,9,9,17,2,0,1,84.19,133.61,0
1,9,9,17,1,0,1,81.97,136.47,0
1,10,10,17,22,0,2,118.38,71.56,0
1,10,10,17,21,0,2,117.22,74.72,0
1,10,10,17,20,0,2,116.06,77.88,0
1,10,10,17,19,0,2,114.9,81.04,0
1,10,10,17,18,0,2,113.75,84.21,0
1,10,10,17,17,0,2,112.59,87.37,0
1,10,10,17,16,0,2,111.43,90.53,0
1,10,10,17,15,0,2,110.27,93.7,0
1,10,10,17,14,0,2,109.12,96.86,0
1,10,10,17,13,0,2,107.96,100.02,0
1,10,10,17,12,0,2,106.8,103.19,0
1,11,11,17,32,0,3,121.69,35.26,0
1,11,11,17,31,0,3,121.46,38.66,0
1,11,11,17,30,0,3,121.22,42.06,0
1,11,11,17,29,0,3,120.98,45.46,0
1,11,11,17,28,0,3,120.75,48.86,0
1,11,11,17,27,0,3,120.51,52.26,0
1,11,11,17,26,0,3,120.28,55.66,0
1,11,11,17,25,0,3,120.04,59.06,0
1,11,11,17,24,0,3,119.81,62.46,0
1,11,11,17,23,0,3,119.57,65.86,0
1,12,12,17,41,0,4,116.04,2.77,0
1,12,12,17,40,0,4,116.7,6.16,0
1,12,12,17,39,0,4,117.35,9.55,0
1,12,12,17,38,0,4,118.01,12.94,0
1,12,12,17,37,0,4,118.67,16.33,0
1,12,12,17,36,0,4,119.32,19.72,0
1,12,12,17,35,0,4,119.98,23.11,0
1,12,12,17,34,0,4,120.64,26.5,0
1,12,12,17,33,0,4,121.29,29.89,0
1,1,1,16,109,0,16,-44.59,2.77,0
1,1,1,16,108,0,16,-45.05,5.08,0
1,1,1,16,107,0,16,-45.5,7.39,0
1,1,1,16,106,0,16,-45.96,9.7,0
1,2,2,16,105,0,15,-46.34,15.06,0
1,2,2,16,104,0,15,-46.16,17.8,0
1,2,2,16,103,0,15,-45.98,20.54,0
1,2,2,16,102,0,15,-45.8,23.28,0
1,3,3,16,101,0,14,-44.63,28.97,0
1,3,3,16,100,0,14,-43.56,31.92,0
1,3,3,16,99,0,14,-42.48,34.87,0
1,3,3,16,98,0,14,-41.41,37.82,0
1,4,4,16,97,0,13,-38.88,42.51,0
1,4,4,16,96,0,13,-37.27,44.56,0
1,4,4,16,95,0,13,-35.66,46.62,0
1,4,4,16,94,0,13,-34.04,48.67,0
1,4,4,16,93,0,13,-32.12,50.2,0
1,5,5,16,92,0,12,-28.44,54.82,0
1,5,5,16,91,0,12,-26.14,56.6,0
1,5,5,16,90,0,12,-23.84,58.37,0
1,5,5,16,89,0,12,-21.54,60.14,0
1,5,5,16,88,0,12,-19.24,61.92,0
1,6,6,16,87,0,11,-14.68,64.66,0
1,6,6,16,86,0,11,-11.88,65.93,0
1,6,6,16,85,0,11,-8.7,67.4,0
1,6,6,16,84,0,11,-5.53,68.87,0
1,6,6,16,83,0,11,-2.72,70.12,0
1,7,7,16,82,0,10,2.77,71.97,0
1,7,7,16,81,0,10,5.71,72.54,0
1,7,7,16,80,0,10,8.64,73.12,0
1,7,7,16,79,0,10,11.58,73.69,0
1,7,7,16,78,0,10,14.51,74.27,0
1,7,7,16,77,0,10,17.45,74.84,0
1,8,8,16,76,0,9,22.81,75.23,0
1,8,8,16,75,0,9,26.17,74.99,0
1,8,8,16,74,0,9,29.52,74.75,0
1,8,8,16,73,0,9,32.88,74.51,0
1,8,8,16,72,0,9,36.24,74.27,0
1,8,8,16,71,0,9,39.6,74.04,0
1,9,9,16,70,0,8,45.29,72.89,0
1,9,9,16,69,0,8,48.22,71.82,0
1,9,9,16,68,0,8,51.15,70.75,0
1,9,9,16,67,0,8,54.08,69.67,0
1,9,9,16,66,0,8,57.01,68.6,0
1,9,9,16,65,0,8,59.94,67.53,0
1,9,9,16,64,0,8,62.87,66.45,0
1,10,10,16,63,0,7,67.54,63.91,0
1,10,10,16,62,0,7,70.21,61.83,0
1,10,10,16,61,0,7,72.89,59.74,0
1,10,10,16,60,0,7,75.56,57.65,0
1,10,10,16,59,0,7,78.23,55.57,0
1,10,10,16,58,0,7,80.9,53.48,0
1,10,10,16,57,0,7,83.57,51.4,0
1,11,11,16,56,0,6,87.65,47.4,0
1,11,11,16,55,0,6,89.9,44.45,0
1,11,11,16,54,0,6,92.14,41.5,0
1,11,11,16,53,0,6,94.38,38.56,0
1,11,11,16,52,0,6,96.63,35.61,0
1,11,11,16,51,0,6,98.87,32.67,0
1,11,11,16,50,0,6,101.12,29.72,0
1,12,12,16,49,0,5,103.88,25.18,0
1,12,12,16,48,0,5,105.35,21.97,0
1,12,12,16,47,0,5,106.82,18.76,0
1,12,12,16,46,0,5,108.3,15.55,0
1,12,12,16,45,0,5,109.77,12.35,0
1,12,12,16,44,0,5,111.25,9.14,0
1,12,12,16,43,0,5,112.72,5.93,0
1,12,12,16,42,0,5,114.19,2.73,0
1,1,1,15,105,0,15,-47.66,10.12,0
1,1,1,15,104,0,15,-48.87,7.66,0
1,1,1,15,103,0,15,-50.09,5.2,0
1,1,1,15,102,0,15,-51.3,2.74,0
1,2,2,15,109,0,16,-40.01,19.9,0
1,2,2,15,108,0,16,-41.55,18.13,0
1,2,2,15,107,0,16,-43.1,16.35,0
1,2,2,15,106,0,16,-44.65,14.58,0
1,3,3,15,112,0,17,-30.81,27.18,0
1,3,3,15,111,0,17,-33.24,25.47,0
1,3,3,15,110,0,17,-35.67,23.77,0
1,4,4,15,115,0,18,-21.49,31.66,0
1,4,4,15,114,0,18,-23.82,30.7,0
1,4,4,15,113,0,18,-26.14,29.72,0
1,5,5,15,118,0,19,-11.69,33.71,0
1,5,5,15,117,0,19,-13.82,33.43,0
1,5,5,15,116,0,19,-15.95,33.14,0
1,6,6,15,121,0,20,-2.77,32.94,0
1,6,6,15,120,0,20,-4.58,33.26,0
1,6,6,15,119,0,20,-6.37,33.59,0
1,7,7,15,123,0,21,5.33,29.84,0
1,7,7,15,122,0,21,2.74,31.12,0
1,8,8,15,125,0,22,11.46,25.4,0
1,8,8,15,124,0,22,9.79,26.82,0
1,11,11,15,11,0,1,144.11,41.28,0
1,11,11,15,10,0,1,143.62,44.87,0
1,11,11,15,9,0,1,143.14,48.46,0
1,11,11,15,8,0,1,142.65,52.06,0
1,11,11,15,7,0,1,142.16,55.65,0
1,11,11,15,6,0,1,141.67,59.24,0
1,11,11,15,5,0,1,141.18,62.83,0
1,11,11,15,4,0,1,140.69,66.43,0
1,11,11,15,3,0,1,140.2,70.02,0
1,11,11,15,2,0,1,139.71,73.61,0
1,11,11,15,1,0,1,139.22,77.2,0
1,12,12,15,22,0,2,138.29,2.78,0
1,12,12,15,21,0,2,138.87,6.1,0
1,12,12,15,20,0,2,139.45,9.42,0
1,12,12,15,19,0,2,140.03,12.73,0
1,12,12,15,18,0,2,140.61,16.05,0
1,12,12,15,17,0,2,141.19,19.37,0
1,12,12,15,16,0,2,141.77,22.69,0
1,12,12,15,15,0,2,142.35,26.01,0
1,12,12,15,14,0,2,142.93,29.32,0
1,12,12,15,13,0,2,143.51,32.64,0
1,12,12,15,12,0,2,144.08,35.96,0
1,1,1,14,101,0,14,-53.14,2.78,0
1,1,1,14,100,0,14,-53.68,5.87,0
1,1,1,14,99,0,14,-54.23,8.96,0
1,1,1,14,98,0,14,-54.77,12.05,0
1,2,2,14,97,0,13,-54.92,17.37,0
1,2,2,14,96,0,13,-54.56,19.96,0
1,2,2,14,95,0,13,-54.19,22.54,0
1,2,2,14,94,0,13,-53.82,25.13,0
1,2,2,14,93,0,13,-52.92,27.41,0
1,3,3,14,92,0,12,-52.04,33.26,0
1,3,3,14,91,0,12,-50.94,35.94,0
1,3,3,14,90,0,12,-49.83,38.63,0
1,3,3,14,89,0,12,-48.73,41.32,0
1,3,3,14,88,0,12,-47.62,44,0
1,4,4,14,87,0,11,-45.04,48.66,0
1,4,4,14,86,0,11,-43.25,51.15,0
1,4,4,14,85,0,11,-41.24,54.02,0
1,4,4,14,84,0,11,-39.22,56.88,0
1,4,4,14,83,0,11,-37.42,59.36,0
1,5,5,14,82,0,10,-33.58,63.72,0
1,5,5,14,81,0,10,-31.33,65.68,0
1,5,5,14,80,0,10,-29.07,67.64,0
1,5,5,14,79,0,10,-26.82,69.61,0
1,5,5,14,78,0,10,-24.56,71.57,0
1,5,5,14,77,0,10,-22.31,73.54,0
1,6,6,14,76,0,9,-17.86,76.56,0
1,6,6,14,75,0,9,-14.84,78.03,0
1,6,6,14,74,0,9,-11.81,79.5,0
1,6,6,14,73,0,9,-8.78,80.97,0
1,6,6,14,72,0,9,-5.75,82.44,0
1,6,6,14,71,0,9,-2.72,83.92,0
1,7,7,14,70,0,8,2.78,85.78,0
1,7,7,14,69,0,8,5.85,86.31,0
1,7,7,14,68,0,8,8.93,86.85,0
1,7,7,14,67,0,8,12,87.38,0
1,7,7,14,66,0,8,15.07,87.92,0
1,7,7,14,65,0,8,18.15,88.45,0
1,7,7,14,64,0,8,21.22,88.99,0
1,8,8,14,63,0,7,26.54,89.12,0
1,8,8,14,62,0,7,29.89,88.65,0
1,8,8,14,61,0,7,33.25,88.18,0
1,8,8,14,60,0,7,36.61,87.71,0
1,8,8,14,59,0,7,39.96,87.24,0
1,8,8,14,58,0,7,43.32,86.77,0
1,8,8,14,57,0,7,46.68,86.3,0
1,9,9,14,56,0,6,52.21,84.87,0
1,9,9,14,55,0,6,55.63,83.44,0
1,9,9,14,54,0,6,59.04,82.01,0
1,9,9,14,53,0,6,62.46,80.58,0
1,9,9,14,52,0,6,65.88,79.15,0
1,9,9,14,51,0,6,69.29,77.73,0
1,9,9,14,50,0,6,72.71,76.3,0
1,10,10,14,49,0,5,77.37,73.74,0
1,10,10,14,48,0,5,80.25,71.7,0
1,10,10,14,47,0,5,83.13,69.66,0
1,10,10,14,46,0,5,86.01,67.62,0
1,10,10,14,45,0,5,88.89,65.58,0
1,10,10,14,44,0,5,91.77,63.54,0
1,10,10,14,43,0,5,94.65,61.5,0
1,10,10,14,42,0,5,97.53,59.46,0
1,11,11,14,41,0,4,101.88,55.63,0
1,11,11,14,40,0,4,104.14,53.02,0
1,11,11,14,39,0,4,106.4,50.41,0
1,11,11,14,38,0,4,108.67,47.8,0
1,11,11,14,37,0,4,110.93,45.19,0
1,11,11,14,36,0,4,113.2,42.58,0
1,11,11,14,35,0,4,115.46,39.98,0
1,11,11,14,34,0,4,117.73,37.37,0
1,11,11,14,33,0,4,119.99,34.76,0
1,12,12,14,32,0,3,123.02,30.31,0
1,12,12,14,31,0,3,124.51,27.25,0
1,12,12,14,30,0,3,126.01,24.19,0
1,12,12,14,29,0,3,127.51,21.12,0
1,12,12,14,28,0,3,129,18.06,0
1,12,12,14,27,0,3,130.5,15,0
1,12,12,14,26,0,3,131.99,11.94,0
1,12,12,14,25,0,3,133.49,8.87,0
1,12,12,14,24,0,3,134.99,5.81,0
1,12,12,14,23,0,3,136.48,2.75,0
1,1,1,13,97,0,13,-56.25,12.41,0
1,1,1,13,96,0,13,-57.23,9.99,0
1,1,1,13,95,0,13,-58.2,7.57,0
1,1,1,13,94,0,13,-59.17,5.15,0
1,1,1,13,93,0,13,-59.53,2.72,0
1,2,2,13,101,0,14,-47.41,24.16,0
1,2,2,13,100,0,14,-49.42,21.76,0
1,2,2,13,99,0,14,-51.44,19.35,0
1,2,2,13,98,0,14,-53.46,16.95,0
1,3,3,13,105,0,15,-36.21,32.6,0
1,3,3,13,104,0,15,-38.49,31.07,0
1,3,3,13,103,0,15,-40.78,29.55,0
1,3,3,13,102,0,15,-43.06,28.02,0
1,4,4,13,109,0,16,-24.7,37.23,0
1,4,4,13,108,0,16,-26.92,36.47,0
1,4,4,13,107,0,16,-29.15,35.71,0
1,4,4,13,106,0,16,-31.38,34.95,0
1,5,5,13,112,0,17,-13.09,38.95,0
1,5,5,13,111,0,17,-16.05,38.68,0
1,5,5,13,110,0,17,-19,38.42,0
1,6,6,13,115,0,18,-2.78,38.17,0
1,6,6,13,114,0,18,-5.28,38.5,0
1,6,6,13,113,0,18,-7.77,38.81,0
1,7,7,13,118,0,19,6.74,35.04,0
1,7,7,13,117,0,19,4.74,35.86,0
1,7,7,13,116,0,19,2.76,36.68,0
1,8,8,13,121,0,20,14.07,29.91,0
1,8,8,13,120,0,20,12.67,31.09,0
1,8,8,13,119,0,20,11.28,32.27,0
1,9,9,13,123,0,21,19.54,23.18,0
1,9,9,13,122,0,21,17.94,25.58,0
1,10,10,13,125,0,22,22.63,16.27,0
1,10,10,13,124,0,22,21.89,18.33,0
1,1,1,12,92,0,12,-61.7,2.78,0
1,1,1,12,91,0,12,-62.08,5.66,0
1,1,1,12,90,0,12,-62.47,8.54,0
1,1,1,12,89,0,12,-62.86,11.42,0
1,1,1,12,88,0,12,-63.24,14.3,0
1,2,2,12,87,0,11,-63.34,19.62,0
1,2,2,12,86,0,11,-63.03,22.67,0
1,2,2,12,85,0,11,-62.72,26.16,0
1,2,2,12,84,0,11,-62.41,29.65,0
1,2,2,12,83,0,11,-62.08,32.7,0
1,3,3,12,82,0,10,-60.94,38.39,0
1,3,3,12,81,0,10,-59.97,41.22,0
1,3,3,12,80,0,10,-59,44.05,0
1,3,3,12,79,0,10,-58.03,46.87,0
1,3,3,12,78,0,10,-57.06,49.7,0
1,3,3,12,77,0,10,-56.09,52.53,0
1,4,4,12,76,0,9,-53.75,57.37,0
1,4,4,12,75,0,9,-51.86,60.16,0
1,4,4,12,74,0,9,-49.98,62.94,0
1,4,4,12,73,0,9,-48.09,65.73,0
1,4,4,12,72,0,9,-46.2,68.52,0
1,4,4,12,71,0,9,-44.32,71.31,0
1,5,5,12,70,0,8,-40.48,75.67,0
1,5,5,12,69,0,8,-38.09,77.67,0
1,5,5,12,68,0,8,-35.69,79.67,0
1,5,5,12,67,0,8,-33.3,81.67,0
1,5,5,12,66,0,8,-30.9,83.67,0
1,5,5,12,65,0,8,-28.51,85.67,0
1,5,5,12,64,0,8,-26.12,87.67,0
1,6,6,12,63,0,7,-21.58,90.45,0
1,6,6,12,62,0,7,-18.44,91.72,0
1,6,6,12,61,0,7,-15.29,92.99,0
1,6,6,12,60,0,7,-12.15,94.26,0
1,6,6,12,59,0,7,-9.01,95.53,0
1,6,6,12,58,0,7,-5.87,96.8,0
1,6,6,12,57,0,7,-2.72,98.07,0
1,7,7,12,56,0,6,2.78,99.61,0
1,7,7,12,55,0,6,6.45,100.08,0
1,7,7,12,54,0,6,10.13,100.55,0
1,7,7,12,53,0,6,13.8,101.02,0
1,7,7,12,52,0,6,17.47,101.49,0
1,7,7,12,51,0,6,21.15,101.96,0
1,7,7,12,50,0,6,24.82,102.43,0
1,8,8,12,49,0,5,30.14,102.55,0
1,8,8,12,48,0,5,33.65,102.22,0
1,8,8,12,47,0,5,37.16,101.89,0
1,8,8,12,46,0,5,40.68,101.57,0
1,8,8,12,45,0,5,44.19,101.24,0
1,8,8,12,44,0,5,47.71,100.91,0
1,8,8,12,43,0,5,51.22,100.58,0
1,8,8,12,42,0,5,54.74,100.26,0
1,9,9,12,41,0,4,60.41,99.11,0
1,9,9,12,40,0,4,63.68,97.98,0
1,9,9,12,39,0,4,66.94,96.86,0
1,9,9,12,38,0,4,70.21,95.73,0
1,9,9,12,37,0,4,73.47,94.6,0
1,9,9,12,36,0,4,76.74,93.48,0
1,9,9,12,35,0,4,80,92.35,0
1,9,9,12,34,0,4,83.27,91.22,0
1,9,9,12,33,0,4,86.53,90.1,0
1,10,10,12,32,0,3,91.38,87.76,0
1,10,10,12,31,0,3,94.21,85.85,0
1,10,10,12,30,0,3,97.03,83.95,0
1,10,10,12,29,0,3,99.86,82.05,0
1,10,10,12,28,0,3,102.69,80.14,0
1,10,10,12,27,0,3,105.52,78.24,0
1,10,10,12,26,0,3,108.34,76.33,0
1,10,10,12,25,0,3,111.17,74.43,0
1,10,10,12,24,0,3,114,72.52,0
1,10,10,12,23,0,3,116.82,70.62,0
1,11,11,12,22,0,2,121.16,66.74,0
1,11,11,12,21,0,2,123.32,64.16,0
1,11,11,12,20,0,2,125.48,61.57,0
1,11,11,12,19,0,2,127.64,58.99,0
1,11,11,12,18,0,2,129.8,56.41,0
1,11,11,12,17,0,2,131.96,53.82,0
1,11,11,12,16,0,2,134.12,51.24,0
1,11,11,12,15,0,2,136.28,48.65,0
1,11,11,12,14,0,2,138.44,46.07,0
1,11,11,12,13,0,2,140.6,43.49,0
1,11,11,12,12,0,2,142.76,40.9,0
1,12,12,12,11,0,1,145.45,36.31,0
1,12,12,12,10,0,1,146.82,32.96,0
1,12,12,12,9,0,1,148.19,29.6,0
1,12,12,12,8,0,1,149.56,26.24,0
1,12,12,12,7,0,1,150.94,22.89,0
1,12,12,12,6,0,1,152.31,19.53,0
1,12,12,12,5,0,1,153.68,16.18,0
1,12,12,12,4,0,1,155.05,12.82,0
1,12,12,12,3,0,1,156.43,9.47,0
1,12,12,12,2,0,1,157.8,6.11,0
1,12,12,12,1,0,1,159.17,2.75,0
1,1,1,11,87,0,11,-64.66,14.67,0
1,1,1,11,86,0,11,-65.93,11.88,0
1,1,1,11,85,0,11,-67.4,8.7,0
1,1,1,11,84,0,11,-68.87,5.53,0
1,1,1,11,83,0,11,-70.12,2.72,0
1,2,2,11,92,0,12,-54.82,28.44,0
1,2,2,11,91,0,12,-56.6,26.14,0
1,2,2,11,90,0,12,-58.37,23.84,0
1,2,2,11,89,0,12,-60.15,21.54,0
1,2,2,11,88,0,12,-61.92,19.24,0
1,3,3,11,97,0,13,-42.51,38.88,0
1,3,3,11,96,0,13,-44.56,37.27,0
1,3,3,11,95,0,13,-46.62,35.65,0
1,3,3,11,94,0,13,-48.67,34.04,0
1,3,3,11,93,0,13,-50.2,32.12,0
1,4,4,11,101,0,14,-28.98,44.63,0
1,4,4,11,100,0,14,-31.92,43.55,0
1,4,4,11,99,0,14,-34.87,42.48,0
1,4,4,11,98,0,14,-37.82,41.41,0
1,5,5,11,105,0,15,-15.06,46.34,0
1,5,5,11,104,0,15,-17.8,46.16,0
1,5,5,11,103,0,15,-20.54,45.98,0
1,5,5,11,102,0,15,-23.28,45.8,0
1,6,6,11,109,0,16,-2.77,44.59,0
1,6,6,11,108,0,16,-5.08,45.05,0
1,6,6,11,107,0,16,-7.39,45.5,0
1,6,6,11,106,0,16,-9.7,45.96,0
1,7,7,11,112,0,17,8.14,40.27,0
1,7,7,11,111,0,17,5.44,41.52,0
1,7,7,11,110,0,17,2.75,42.77,0
1,8,8,11,115,0,18,16.67,34.44,0
1,8,8,11,114,0,18,14.68,35.98,0
1,8,8,11,113,0,18,12.67,37.5,0
1,9,9,11,118,0,19,23.35,26.98,0
1,9,9,11,117,0,19,22.03,28.68,0
1,9,9,11,116,0,19,20.72,30.38,0
1,10,10,11,121,0,20,27.15,18.87,0
1,10,10,11,120,0,20,26.52,20.59,0
1,10,10,11,119,0,20,25.9,22.31,0
1,11,11,11,123,0,21,28.51,10.3,0
1,11,11,11,122,0,21,28.32,13.18,0
1,12,12,11,125,0,22,27.73,2.77,0
1,12,12,11,124,0,22,28.12,4.93,0
1,1,1,10,82,0,10,-71.97,2.77,0
1,1,1,10,81,0,10,-72.54,5.71,0
1,1,1,10,80,0,10,-73.12,8.64,0
1,1,1,10,79,0,10,-73.69,11.58,0
1,1,1,10,78,0,10,-74.27,14.51,0
1,1,1,10,77,0,10,-74.84,17.45,0
1,2,2,10,76,0,9,-75.23,22.81,0
1,2,2,10,75,0,9,-74.99,26.17,0
1,2,2,10,74,0,9,-74.75,29.52,0
1,2,2,10,73,0,9,-74.51,32.88,0
1,2,2,10,72,0,9,-74.27,36.24,0
1,2,2,10,71,0,9,-74.04,39.6,0
1,3,3,10,70,0,8,-72.89,45.29,0
1,3,3,10,69,0,8,-71.82,48.22,0
1,3,3,10,68,0,8,-70.75,51.15,0
1,3,3,10,67,0,8,-69.67,54.08,0
1,3,3,10,66,0,8,-68.6,57.01,0
1,3,3,10,65,0,8,-67.53,59.94,0
1,3,3,10,64,0,8,-66.45,62.87,0
1,4,4,10,63,0,7,-63.91,67.54,0
1,4,4,10,62,0,7,-61.83,70.21,0
1,4,4,10,61,0,7,-59.74,72.89,0
1,4,4,10,60,0,7,-57.65,75.56,0
1,4,4,10,59,0,7,-55.57,78.23,0
1,4,4,10,58,0,7,-53.48,80.9,0
1,4,4,10,57,0,7,-51.4,83.57,0
1,5,5,10,56,0,6,-47.4,87.65,0
1,5,5,10,55,0,6,-44.45,89.9,0
1,5,5,10,54,0,6,-41.5,92.14,0
1,5,5,10,53,0,6,-38.56,94.38,0
1,5,5,10,52,0,6,-35.61,96.63,0
1,5,5,10,51,0,6,-32.67,98.87,0
1,5,5,10,50,0,6,-29.72,101.12,0
1,6,6,10,49,0,5,-25.18,103.88,0
1,6,6,10,48,0,5,-21.97,105.35,0
1,6,6,10,47,0,5,-18.76,106.82,0
1,6,6,10,46,0,5,-15.55,108.3,0
1,6,6,10,45,0,5,-12.35,109.77,0
1,6,6,10,44,0,5,-9.14,111.25,0
1,6,6,10,43,0,5,-5.93,112.72,0
1,6,6,10,42,0,5,-2.73,114.19,0
1,7,7,10,41,0,4,2.76,116.04,0
1,7,7,10,40,0,4,6.16,116.7,0
1,7,7,10,39,0,4,9.55,117.35,0
1,7,7,10,38,0,4,12.94,118.01,0
1,7,7,10,37,0,4,16.33,118.67,0
1,7,7,10,36,0,4,19.72,119.32,0
1,7,7,10,35,0,4,23.11,119.98,0
1,7,7,10,34,0,4,26.5,120.64,0
1,7,7,10,33,0,4,29.89,121.29,0
1,8,8,10,32,0,3,35.26,121.69,0
1,8,8,10,31,0,3,38.66,121.46,0
1,8,8,10,30,0,3,42.06,121.22,0
1,8,8,10,29,0,3,45.46,120.98,0
1,8,8,10,28,0,3,48.86,120.75,0
1,8,8,10,27,0,3,52.26,120.51,0
1,8,8,10,26,0,3,55.66,120.28,0
1,8,8,10,25,0,3,59.06,120.04,0
1,8,8,10,24,0,3,62.46,119.81,0
1,8,8,10,23,0,3,65.86,119.57,0
1,9,9,10,22,0,2,71.55,118.38,0
1,9,9,10,21,0,2,74.72,117.22,0
1,9,9,10,20,0,2,77.88,116.06,0
1,9,9,10,19,0,2,81.04,114.91,0
1,9,9,10,18,0,2,84.21,113.75,0
1,9,9,10,17,0,2,87.37,112.59,0
1,9,9,10,16,0,2,90.53,111.43,0
1,9,9,10,15,0,2,93.69,110.28,0
1,9,9,10,14,0,2,96.86,109.12,0
1,9,9,10,13,0,2,100.02,107.96,0
1,9,9,10,12,0,2,103.18,106.8,0
1,10,10,10,11,0,1,107.8,104.17,0
1,10,10,10,10,0,1,110.67,101.95,0
1,10,10,10,9,0,1,113.54,99.73,0
1,10,10,10,8,0,1,116.4,97.51,0
1,10,10,10,7,0,1,119.27,95.29,0
1,10,10,10,6,0,1,122.14,93.07,0
1,10,10,10,5,0,1,125,90.85,0
1,10,10,10,4,0,1,127.87,88.63,0
1,10,10,10,3,0,1,130.74,86.41,0
1,10,10,10,2,0,1,133.6,84.19,0
1,10,10,10,1,0,1,136.47,81.97,0
1,1,1,9,76,0,9,-76.56,17.86,0
1,1,1,9,75,0,9,-78.03,14.83,0
1,1,1,9,74,0,9,-79.5,11.81,0
1,1,1,9,73,0,9,-80.97,8.78,0
1,1,1,9,72,0,9,-82.44,5.75,0
1,1,1,9,71,0,9,-83.92,2.72,0
1,2,2,9,82,0,10,-63.72,33.58,0
1,2,2,9,81,0,10,-65.68,31.33,0
1,2,2,9,80,0,10,-67.65,29.07,0
1,2,2,9,79,0,10,-69.61,26.82,0
1,2,2,9,78,0,10,-71.57,24.56,0
1,2,2,9,77,0,10,-73.54,22.31,0
1,3,3,9,87,0,11,-48.66,45.04,0
1,3,3,9,86,0,11,-51.15,43.25,0
1,3,3,9,85,0,11,-54.02,41.24,0
1,3,3,9,84,0,11,-56.88,39.22,0
1,3,3,9,83,0,11,-59.36,37.42,0
1,4,4,9,92,0,12,-33.26,52.04,0
1,4,4,9,91,0,12,-35.94,50.94,0
1,4,4,9,90,0,12,-38.63,49.83,0
1,4,4,9,89,0,12,-41.32,48.73,0
1,4,4,9,88,0,12,-44,47.62,0
1,5,5,9,97,0,13,-17.37,54.92,0
1,5,5,9,96,0,13,-19.96,54.56,0
1,5,5,9,95,0,13,-22.55,54.19,0
1,5,5,9,94,0,13,-25.13,53.82,0
1,5,5,9,93,0,13,-27.41,52.92,0
1,6,6,9,101,0,14,-2.78,53.14,0
1,6,6,9,100,0,14,-5.87,53.68,0
1,6,6,9,99,0,14,-8.96,54.23,0
1,6,6,9,98,0,14,-12.05,54.77,0
1,7,7,9,105,0,15,10.12,47.66,0
1,7,7,9,104,0,15,7.66,48.87,0
1,7,7,9,103,0,15,5.2,50.09,0
1,7,7,9,102,0,15,2.74,51.3,0
1,8,8,9,109,0,16,19.9,40.01,0
1,8,8,9,108,0,16,18.13,41.55,0
1,8,8,9,107,0,16,16.35,43.1,0
1,8,8,9,106,0,16,14.58,44.65,0
1,9,9,9,112,0,17,27.18,30.81,0
1,9,9,9,111,0,17,25.47,33.24,0
1,9,9,9,110,0,17,23.77,35.67,0
1,10,10,9,115,0,18,31.66,21.49,0
1,10,10,9,114,0,18,30.7,23.82,0
1,10,10,9,113,0,18,29.72,26.14,0
1,11,11,9,118,0,19,33.71,11.69,0
1,11,11,9,117,0,19,33.43,13.82,0
1,11,11,9,116,0,19,33.14,15.95,0
1,12,12,9,121,0,20,32.94,2.77,0
1,12,12,9,120,0,20,33.26,4.58,0
1,12,12,9,119,0,20,33.59,6.37,0
1,1,1,8,70,0,8,-85.78,2.78,0
1,1,1,8,69,0,8,-86.31,5.85,0
1,1,1,8,68,0,8,-86.85,8.93,0
1,1,1,8,67,0,8,-87.38,12,0
1,1,1,8,66,0,8,-87.92,15.07,0
1,1,1,8,65,0,8,-88.45,18.15,0
1,1,1,8,64,0,8,-88.99,21.22,0
1,2,2,8,63,0,7,-89.12,26.54,0
1,2,2,8,62,0,7,-88.65,29.89,0
1,2,2,8,61,0,7,-88.18,33.25,0
1,2,2,8,60,0,7,-87.71,36.61,0
1,2,2,8,59,0,7,-87.24,39.96,0
1,2,2,8,58,0,7,-86.77,43.32,0
1,2,2,8,57,0,7,-86.3,46.68,0
1,3,3,8,56,0,6,-84.87,52.21,0
1,3,3,8,55,0,6,-83.44,55.63,0
1,3,3,8,54,0,6,-82.01,59.04,0
1,3,3,8,53,0,6,-80.58,62.46,0
1,3,3,8,52,0,6,-79.15,65.88,0
1,3,3,8,51,0,6,-77.73,69.29,0
1,3,3,8,50,0,6,-76.3,72.71,0
1,4,4,8,49,0,5,-73.74,77.37,0
1,4,4,8,48,0,5,-71.7,80.25,0
1,4,4,8,47,0,5,-69.66,83.13,0
1,4,4,8,46,0,5,-67.62,86.01,0
1,4,4,8,45,0,5,-65.58,88.89,0
1,4,4,8,44,0,5,-63.54,91.77,0
1,4,4,8,43,0,5,-61.5,94.65,0
1,4,4,8,42,0,5,-59.46,97.53,0
1,5,5,8,41,0,4,-55.63,101.88,0
1,5,5,8,40,0,4,-53.02,104.14,0
1,5,5,8,39,0,4,-50.41,106.4,0
1,5,5,8,38,0,4,-47.8,108.67,0
1,5,5,8,37,0,4,-45.19,110.93,0
1,5,5,8,36,0,4,-42.58,113.2,0
1,5,5,8,35,0,4,-39.98,115.46,0
1,5,5,8,34,0,4,-37.37,117.73,0
1,5,5,8,33,0,4,-34.76,119.99,0
1,6,6,8,32,0,3,-30.31,123.02,0
1,6,6,8,31,0,3,-27.25,124.51,0
1,6,6,8,30,0,3,-24.19,126.01,0
1,6,6,8,29,0,3,-21.12,127.51,0
1,6,6,8,28,0,3,-18.06,129,0
1,6,6,8,27,0,3,-15,130.5,0
1,6,6,8,26,0,3,-11.94,131.99,0
1,6,6,8,25,0,3,-8.87,133.49,0
1,6,6,8,24,0,3,-5.81,134.99,0
1,6,6,8,23,0,3,-2.75,136.48,0
1,7,7,8,22,0,2,2.78,138.29,0
1,7,7,8,21,0,2,6.1,138.87,0
1,7,7,8,20,0,2,9.41,139.45,0
1,7,7,8,19,0,2,12.73,140.03,0
1,7,7,8,18,0,2,16.05,140.61,0
1,7,7,8,17,0,2,19.37,141.19,0
1,7,7,8,16,0,2,22.69,141.77,0
1,7,7,8,15,0,2,26,142.35,0
1,7,7,8,14,0,2,29.32,142.93,0
1,7,7,8,13,0,2,32.64,143.51,0
1,7,7,8,12,0,2,35.96,144.09,0
1,8,8,8,11,0,1,41.28,144.11,0
1,8,8,8,10,0,1,44.87,143.63,0
1,8,8,8,9,0,1,48.46,143.14,0
1,8,8,8,8,0,1,52.05,142.65,0
1,8,8,8,7,0,1,55.65,142.16,0
1,8,8,8,6,0,1,59.24,141.67,0
1,8,8,8,5,0,1,62.83,141.18,0
1,8,8,8,4,0,1,66.42,140.69,0
1,8,8,8,3,0,1,70.02,140.2,0
1,8,8,8,2,0,1,73.61,139.71,0
1,8,8,8,1,0,1,77.2,139.22,0
1,11,11,8,125,0,22,25.4,11.46,0
1,11,11,8,124,0,22,26.82,9.79,0
1,12,12,8,123,0,21,29.84,5.33,0
1,12,12,8,122,0,21,31.12,2.74,0
1,1,1,7,63,0,7,-90.45,21.58,0
1,1,1,7,62,0,7,-91.72,18.43,0
1,1,1,7,61,0,7,-92.99,15.29,0
1,1,1,7,60,0,7,-94.26,12.15,0
1,1,1,7,59,0,7,-95.53,9.01,0
1,1,1,7,58,0,7,-96.8,5.87,0
1,1,1,7,57,0,7,-98.07,2.72,0
1,2,2,7,70,0,8,-75.67,40.48,0
1,2,2,7,69,0,8,-77.67,38.09,0
1,2,2,7,68,0,8,-79.67,35.69,0
1,2,2,7,67,0,8,-81.67,33.3,0
1,2,2,7,66,0,8,-83.67,30.9,0
1,2,2,7,65,0,8,-85.67,28.51,0
1,2,2,7,64,0,8,-87.67,26.11,0
1,3,3,7,76,0,9,-57.37,53.75,0
1,3,3,7,75,0,9,-60.16,51.86,0
1,3,3,7,74,0,9,-62.95,49.97,0
1,3,3,7,73,0,9,-65.73,48.09,0
1,3,3,7,72,0,9,-68.52,46.2,0
1,3,3,7,71,0,9,-71.31,44.32,0
1,4,4,7,82,0,10,-38.39,60.94,0
1,4,4,7,81,0,10,-41.22,59.97,0
1,4,4,7,80,0,10,-44.05,59,0
1,4,4,7,79,0,10,-46.88,58.03,0
1,4,4,7,78,0,10,-49.7,57.06,0
1,4,4,7,77,0,10,-52.53,56.09,0
1,5,5,7,87,0,11,-19.62,63.34,0
1,5,5,7,86,0,11,-22.68,63.03,0
1,5,5,7,85,0,11,-26.16,62.72,0
1,5,5,7,84,0,11,-29.65,62.4,0
1,5,5,7,83,0,11,-32.7,62.08,0
1,6,6,7,92,0,12,-2.78,61.7,0
1,6,6,7,91,0,12,-5.66,62.08,0
1,6,6,7,90,0,12,-8.54,62.47,0
1,6,6,7,89,0,12,-11.42,62.86,0
1,6,6,7,88,0,12,-14.3,63.24,0
1,7,7,7,97,0,13,12.41,56.25,0
1,7,7,7,96,0,13,9.99,57.23,0
1,7,7,7,95,0,13,7.57,58.2,0
1,7,7,7,94,0,13,5.15,59.17,0
1,7,7,7,93,0,13,2.72,59.53,0
1,8,8,7,101,0,14,24.16,47.41,0
1,8,8,7,100,0,14,21.76,49.42,0
1,8,8,7,99,0,14,19.35,51.44,0
1,8,8,7,98,0,14,16.95,53.46,0
1,9,9,7,105,0,15,32.6,36.21,0
1,9,9,7,104,0,15,31.07,38.49,0
1,9,9,7,103,0,15,29.55,40.78,0
1,9,9,7,102,0,15,28.02,43.06,0
1,10,10,7,109,0,16,37.23,24.7,0
1,10,10,7,108,0,16,36.47,26.92,0
1,10,10,7,107,0,16,35.71,29.15,0
1,10,10,7,106,0,16,34.95,31.38,0
1,11,11,7,112,0,17,38.95,13.09,0
1,11,11,7,111,0,17,38.68,16.05,0
1,11,11,7,110,0,17,38.42,19,0
1,12,12,7,115,0,18,38.17,2.78,0
1,12,12,7,114,0,18,38.5,5.28,0
1,12,12,7,113,0,18,38.81,7.77,0
1,1,1,6,56,0,6,-99.61,2.78,0
1,1,1,6,55,0,6,-100.08,6.45,0
1,1,1,6,54,0,6,-100.55,10.13,0
1,1,1,6,53,0,6,-101.02,13.8,0
1,1,1,6,52,0,6,-101.49,17.47,0
1,1,1,6,51,0,6,-101.96,21.15,0
1,1,1,6,50,0,6,-102.43,24.82,0
1,2,2,6,49,0,5,-102.55,30.14,0
1,2,2,6,48,0,5,-102.22,33.65,0
1,2,2,6,47,0,5,-101.89,37.16,0
1,2,2,6,46,0,5,-101.57,40.68,0
1,2,2,6,45,0,5,-101.24,44.19,0
1,2,2,6,44,0,5,-100.91,47.71,0
1,2,2,6,43,0,5,-100.58,51.22,0
1,2,2,6,42,0,5,-100.26,54.74,0
1,3,3,6,41,0,4,-99.11,60.41,0
1,3,3,6,40,0,4,-97.98,63.68,0
1,3,3,6,39,0,4,-96.86,66.94,0
1,3,3,6,38,0,4,-95.73,70.21,0
1,3,3,6,37,0,4,-94.6,73.47,0
1,3,3,6,36,0,4,-93.48,76.74,0
1,3,3,6,35,0,4,-92.35,80,0
1,3,3,6,34,0,4,-91.22,83.27,0
1,3,3,6,33,0,4,-90.1,86.53,0
1,4,4,6,32,0,3,-87.76,91.38,0
1,4,4,6,31,0,3,-85.85,94.21,0
1,4,4,6,30,0,3,-83.95,97.03,0
1,4,4,6,29,0,3,-82.05,99.86,0
1,4,4,6,28,0,3,-80.14,102.69,0
1,4,4,6,27,0,3,-78.24,105.52,0
1,4,4,6,26,0,3,-76.33,108.34,0
1,4,4,6,25,0,3,-74.43,111.17,0
1,4,4,6,24,0,3,-72.52,114,0
1,4,4,6,23,0,3,-70.62,116.82,0
1,5,5,6,22,0,2,-66.74,121.16,0
1,5,5,6,21,0,2,-64.16,123.32,0
1,5,5,6,20,0,2,-61.57,125.48,0
1,5,5,6,19,0,2,-58.99,127.64,0
1,5,5,6,18,0,2,-56.41,129.8,0
1,5,5,6,17,0,2,-53.82,131.96,0
1,5,5,6,16,0,2,-51.24,134.12,0
1,5,5,6,15,0,2,-48.65,136.28,0
1,5,5,6,14,0,2,-46.07,138.44,0
1,5,5,6,13,0,2,-43.49,140.6,0
1,5,5,6,12,0,2,-40.9,142.76,0
1,6,6,6,11,0,1,-36.31,145.45,0
1,6,6,6,10,0,1,-32.96,146.82,0
1,6,6,6,9,0,1,-29.6,148.19,0
1,6,6,6,8,0,1,-26.24,149.56,0
1,6,6,6,7,0,1,-22.89,150.94,0
1,6,6,6,6,0,1,-19.53,152.31,0
1,6,6,6,5,0,1,-16.18,153.68,0
1,6,6,6,4,0,1,-12.82,155.05,0
1,6,6,6,3,0,1,-9.47,156.43,0
1,6,6,6,2,0,1,-6.11,157.8,0
1,6,6,6,1,0,1,-2.75,159.17,0
1,9,9,6,125,0,22,16.27,22.63,0
1,9,9,6,124,0,22,18.33,21.89,0
1,10,10,6,123,0,21,23.18,19.54,0
1,10,10,6,122,0,21,25.58,17.94,0
1,11,11,6,121,0,20,29.91,14.07,0
1,11,11,6,120,0,20,31.09,12.67,0
1,11,11,6,119,0,20,32.27,11.28,0
1,12,12,6,118,0,19,35.04,6.74,0
1,12,12,6,117,0,19,35.86,4.74,0
1,12,12,6,116,0,19,36.68,2.76,0
1,1,1,5,49,0,5,-103.88,25.17,0
1,1,1,5,48,0,5,-105.35,21.97,0
1,1,1,5,47,0,5,-106.82,18.76,0
1,1,1,5,46,0,5,-108.3,15.55,0
1,1,1,5,45,0,5,-109.77,12.34,0
1,1,1,5,44,0,5,-111.25,9.14,0
1,1,1,5,43,0,5,-112.72,5.93,0
1,1,1,5,42,0,5,-114.19,2.72,0
1,2,2,5,56,0,6,-87.65,47.39,0
1,2,2,5,55,0,6,-89.9,44.45,0
1,2,2,5,54,0,6,-92.14,41.5,0
1,2,2,5,53,0,6,-94.38,38.56,0
1,2,2,5,52,0,6,-96.63,35.61,0
1,2,2,5,51,0,6,-98.87,32.66,0
1,2,2,5,50,0,6,-101.12,29.72,0
1,3,3,5,63,0,7,-67.54,63.91,0
1,3,3,5,62,0,7,-70.22,61.83,0
1,3,3,5,61,0,7,-72.89,59.74,0
1,3,3,5,60,0,7,-75.56,57.65,0
1,3,3,5,59,0,7,-78.23,55.57,0
1,3,3,5,58,0,7,-80.9,53.48,0
1,3,3,5,57,0,7,-83.57,51.4,0
1,4,4,5,70,0,8,-45.3,72.89,0
1,4,4,5,69,0,8,-48.22,71.82,0
1,4,4,5,68,0,8,-51.15,70.75,0
1,4,4,5,67,0,8,-54.08,69.67,0
1,4,4,5,66,0,8,-57.01,68.6,0
1,4,4,5,65,0,8,-59.94,67.53,0
1,4,4,5,64,0,8,-62.87,66.45,0
1,5,5,5,76,0,9,-22.81,75.23,0
1,5,5,5,75,0,9,-26.17,74.99,0
1,5,5,5,74,0,9,-29.53,74.75,0
1,5,5,5,73,0,9,-32.88,74.51,0
1,5,5,5,72,0,9,-36.24,74.27,0
1,5,5,5,71,0,9,-39.6,74.04,0
1,6,6,5,82,0,10,-2.78,71.97,0
1,6,6,5,81,0,10,-5.71,72.54,0
1,6,6,5,80,0,10,-8.65,73.12,0
1,6,6,5,79,0,10,-11.58,73.69,0
1,6,6,5,78,0,10,-14.51,74.27,0
1,6,6,5,77,0,10,-17.45,74.84,0
1,7,7,5,87,0,11,14.67,64.66,0
1,7,7,5,86,0,11,11.88,65.93,0
1,7,7,5,85,0,11,8.7,67.4,0
1,7,7,5,84,0,11,5.53,68.87,0
1,7,7,5,83,0,11,2.72,70.12,0
1,8,8,5,92,0,12,28.44,54.82,0
1,8,8,5,91,0,12,26.14,56.6,0
1,8,8,5,90,0,12,23.84,58.37,0
1,8,8,5,89,0,12,21.54,60.15,0
1,8,8,5,88,0,12,19.24,61.92,0
1,9,9,5,97,0,13,38.88,42.51,0
1,9,9,5,96,0,13,37.27,44.56,0
1,9,9,5,95,0,13,35.65,46.62,0
1,9,9,5,94,0,13,34.04,48.67,0
1,9,9,5,93,0,13,32.12,50.2,0
1,10,10,5,101,0,14,44.63,28.98,0
1,10,10,5,100,0,14,43.55,31.92,0
1,10,10,5,99,0,14,42.48,34.87,0
1,10,10,5,98,0,14,41.41,37.82,0
1,11,11,5,105,0,15,46.34,15.06,0
1,11,11,5,104,0,15,46.16,17.8,0
1,11,11,5,103,0,15,45.98,20.54,0
1,11,11,5,102,0,15,45.8,23.28,0
1,12,12,5,109,0,16,44.59,2.77,0
1,12,12,5,108,0,16,45.05,5.08,0
1,12,12,5,107,0,16,45.5,7.39,0
1,12,12,5,106,0,16,45.96,9.7,0
1,1,1,4,41,0,4,-116.04,2.76,0
1,1,1,4,40,0,4,-116.7,6.16,0
1,1,1,4,39,0,4,-117.35,9.55,0
1,1,1,4,38,0,4,-118.01,12.94,0
1,1,1,4,37,0,4,-118.67,16.33,0
1,1,1,4,36,0,4,-119.32,19.72,0
1,1,1,4,35,0,4,-119.98,23.11,0
1,1,1,4,34,0,4,-120.64,26.5,0
1,1,1,4,33,0,4,-121.29,29.89,0
1,2,2,4,32,0,3,-121.69,35.26,0
1,2,2,4,31,0,3,-121.46,38.66,0
1,2,2,4,30,0,3,-121.22,42.06,0
1,2,2,4,29,0,3,-120.98,45.46,0
1,2,2,4,28,0,3,-120.75,48.86,0
1,2,2,4,27,0,3,-120.51,52.26,0
1,2,2,4,26,0,3,-120.28,55.66,0
1,2,2,4,25,0,3,-120.04,59.06,0
1,2,2,4,24,0,3,-119.81,62.46,0
1,2,2,4,23,0,3,-119.57,65.86,0
1,3,3,4,22,0,2,-118.38,71.55,0
1,3,3,4,21,0,2,-117.22,74.72,0
1,3,3,4,20,0,2,-116.06,77.88,0
1,3,3,4,19,0,2,-114.91,81.04,0
1,3,3,4,18,0,2,-113.75,84.21,0
1,3,3,4,17,0,2,-112.59,87.37,0
1,3,3,4,16,0,2,-111.43,90.53,0
1,3,3,4,15,0,2,-110.28,93.69,0
1,3,3,4,14,0,2,-109.12,96.86,0
1,3,3,4,13,0,2,-107.96,100.02,0
1,3,3,4,12,0,2,-106.8,103.18,0
1,4,4,4,11,0,1,-104.17,107.8,0
1,4,4,4,10,0,1,-101.95,110.67,0
1,4,4,4,9,0,1,-99.73,113.54,0
1,4,4,4,8,0,1,-97.51,116.4,0
1,4,4,4,7,0,1,-95.29,119.27,0
1,4,4,4,6,0,1,-93.07,122.14,0
1,4,4,4,5,0,1,-90.85,125,0
1,4,4,4,4,0,1,-88.63,127.87,0
1,4,4,4,3,0,1,-86.41,130.74,0
1,4,4,4,2,0,1,-84.19,133.6,0
1,4,4,4,1,0,1,-81.97,136.47,0
1,7,7,4,125,0,22,2.77,27.73,0
1,7,7,4,124,0,22,4.93,28.12,0
1,8,8,4,123,0,21,10.3,28.51,0
1,8,8,4,122,0,21,13.18,28.33,0
1,9,9,4,121,0,20,18.87,27.15,0
1,9,9,4,120,0,20,20.59,26.52,0
1,9,9,4,119,0,20,22.31,25.9,0
1,10,10,4,118,0,19,26.98,23.35,0
1,10,10,4,117,0,19,28.68,22.04,0
1,10,10,4,116,0,19,30.38,20.72,0
1,11,11,4,115,0,18,34.44,16.67,0
1,11,11,4,114,0,18,35.98,14.68,0
1,11,11,4,113,0,18,37.5,12.67,0
1,12,12,4,112,0,17,40.27,8.14,0
1,12,12,4,111,0,17,41.52,5.44,0
1,12,12,4,110,0,17,42.77,2.75,0
1,1,1,3,32,0,3,-123.02,30.31,0
1,1,1,3,31,0,3,-124.51,27.25,0
1,1,1,3,30,0,3,-126.01,24.18,0
1,1,1,3,29,0,3,-127.51,21.12,0
1,1,1,3,28,0,3,-129,18.06,0
1,1,1,3,27,0,3,-130.5,15,0
1,1,1,3,26,0,3,-131.99,11.93,0
1,1,1,3,25,0,3,-133.49,8.87,0
1,1,1,3,24,0,3,-134.99,5.81,0
1,1,1,3,23,0,3,-136.48,2.75,0
1,2,2,3,41,0,4,-101.88,55.62,0
1,2,2,3,40,0,4,-104.14,53.02,0
1,2,2,3,39,0,4,-106.41,50.41,0
1,2,2,3,38,0,4,-108.67,47.8,0
1,2,2,3,37,0,4,-110.93,45.19,0
1,2,2,3,36,0,4,-113.2,42.58,0
1,2,2,3,35,0,4,-115.46,39.97,0
1,2,2,3,34,0,4,-117.73,37.37,0
1,2,2,3,33,0,4,-119.99,34.76,0
1,3,3,3,49,0,5,-77.37,73.74,0
1,3,3,3,48,0,5,-80.25,71.7,0
1,3,3,3,47,0,5,-83.13,69.66,0
1,3,3,3,46,0,5,-86.01,67.62,0
1,3,3,3,45,0,5,-88.89,65.58,0
1,3,3,3,44,0,5,-91.77,63.54,0
1,3,3,3,43,0,5,-94.65,61.5,0
1,3,3,3,42,0,5,-97.53,59.46,0
1,4,4,3,56,0,6,-52.21,84.87,0
1,4,4,3,55,0,6,-55.63,83.44,0
1,4,4,3,54,0,6,-59.05,82.01,0
1,4,4,3,53,0,6,-62.46,80.58,0
1,4,4,3,52,0,6,-65.88,79.15,0
1,4,4,3,51,0,6,-69.29,77.72,0
1,4,4,3,50,0,6,-72.71,76.3,0
1,5,5,3,63,0,7,-26.54,89.12,0
1,5,5,3,62,0,7,-29.9,88.65,0
1,5,5,3,61,0,7,-33.25,88.18,0
1,5,5,3,60,0,7,-36.61,87.71,0
1,5,5,3,59,0,7,-39.97,87.24,0
1,5,5,3,58,0,7,-43.32,86.77,0
1,5,5,3,57,0,7,-46.68,86.3,0
1,6,6,3,70,0,8,-2.78,85.78,0
1,6,6,3,69,0,8,-5.85,86.31,0
1,6,6,3,68,0,8,-8.93,86.85,0
1,6,6,3,67,0,8,-12,87.38,0
1,6,6,3,66,0,8,-15.07,87.92,0
1,6,6,3,65,0,8,-18.15,88.45,0
1,6,6,3,64,0,8,-21.22,88.99,0
1,7,7,3,76,0,9,17.86,76.56,0
1,7,7,3,75,0,9,14.83,78.03,0
1,7,7,3,74,0,9,11.81,79.5,0
1,7,7,3,73,0,9,8.78,80.97,0
1,7,7,3,72,0,9,5.75,82.44,0
1,7,7,3,71,0,9,2.72,83.92,0
1,8,8,3,82,0,10,33.58,63.72,0
1,8,8,3,81,0,10,31.33,65.68,0
1,8,8,3,80,0,10,29.07,67.65,0
1,8,8,3,79,0,10,26.82,69.61,0
1,8,8,3,78,0,10,24.56,71.57,0
1,8,8,3,77,0,10,22.31,73.54,0
1,9,9,3,87,0,11,45.04,48.66,0
1,9,9,3,86,0,11,43.25,51.15,0
1,9,9,3,85,0,11,41.24,54.02,0
1,9,9,3,84,0,11,39.22,56.88,0
1,9,9,3,83,0,11,37.42,59.36,0
1,10,10,3,92,0,12,52.04,33.26,0
1,10,10,3,91,0,12,50.94,35.94,0
1,10,10,3,90,0,12,49.83,38.63,0
1,10,10,3,89,0,12,48.73,41.32,0
1,10,10,3,88,0,12,47.62,44,0
1,11,11,3,97,0,13,54.92,17.37,0
1,11,11,3,96,0,13,54.56,19.96,0
1,11,11,3,95,0,13,54.19,22.54,0
1,11,11,3,94,0,13,53.82,25.13,0
1,11,11,3,93,0,13,52.92,27.41,0
1,12,12,3,101,0,14,53.14,2.78,0
1,12,12,3,100,0,14,53.68,5.87,0
1,12,12,3,99,0,14,54.23,8.96,0
1,12,12,3,98,0,14,54.77,12.05,0
1,1,1,2,22,0,2,-138.3,2.78,0
1,1,1,2,21,0,2,-138.87,6.1,0
1,1,1,2,20,0,2,-139.45,9.41,0
1,1,1,2,19,0,2,-140.03,12.73,0
1,1,1,2,18,0,2,-140.61,16.05,0
1,1,1,2,17,0,2,-141.19,19.37,0
1,1,1,2,16,0,2,-141.77,22.69,0
1,1,1,2,15,0,2,-142.35,26,0
1,1,1,2,14,0,2,-142.93,29.32,0
1,1,1,2,13,0,2,-143.51,32.64,0
1,1,1,2,12,0,2,-144.09,35.96,0
1,2,2,2,11,0,1,-144.11,41.28,0
1,2,2,2,10,0,1,-143.63,44.87,0
1,2,2,2,9,0,1,-143.14,48.46,0
1,2,2,2,8,0,1,-142.65,52.05,0
1,2,2,2,7,0,1,-142.16,55.65,0
1,2,2,2,6,0,1,-141.67,59.24,0
1,2,2,2,5,0,1,-141.18,62.83,0
1,2,2,2,4,0,1,-140.69,66.42,0
1,2,2,2,3,0,1,-140.2,70.02,0
1,2,2,2,2,0,1,-139.71,73.61,0
1,2,2,2,1,0,1,-139.22,77.2,0
1,5,5,2,125,0,22,-11.46,25.4,0
1,5,5,2,124,0,22,-9.79,26.82,0
1,6,6,2,123,0,21,-5.33,29.84,0
1,6,6,2,122,0,21,-2.74,31.12,0
1,7,7,2,121,0,20,2.77,32.94,0
1,7,7,2,120,0,20,4.58,33.26,0
1,7,7,2,119,0,20,6.37,33.59,0
1,8,8,2,118,0,19,11.69,33.71,0
1,8,8,2,117,0,19,13.82,33.43,0
1,8,8,2,116,0,19,15.95,33.14,0
1,9,9,2,115,0,18,21.49,31.66,0
1,9,9,2,114,0,18,23.82,30.7,0
1,9,9,2,113,0,18,26.14,29.73,0
1,10,10,2,112,0,17,30.81,27.18,0
1,10,10,2,111,0,17,33.24,25.47,0
1,10,10,2,110,0,17,35.67,23.77,0
1,11,11,2,109,0,16,40.01,19.9,0
1,11,11,2,108,0,16,41.55,18.13,0
1,11,11,2,107,0,16,43.1,16.35,0
1,11,11,2,106,0,16,44.65,14.58,0
1,12,12,2,105,0,15,47.66,10.12,0
1,12,12,2,104,0,15,48.87,7.66,0
1,12,12,2,103,0,15,50.09,5.2,0
1,12,12,2,102,0,15,51.3,2.74,0
1,1,1,1,11,0,1,-145.45,36.31,0
1,1,1,1,10,0,1,-146.82,32.95,0
1,1,1,1,9,0,1,-148.19,29.6,0
1,1,1,1,8,0,1,-149.56,26.24,0
1,1,1,1,7,0,1,-150.94,22.89,0
1,1,1,1,6,0,1,-152.31,19.53,0
1,1,1,1,5,0,1,-153.68,16.17,0
1,1,1,1,4,0,1,-155.05,12.82,0
1,1,1,1,3,0,1,-156.43,9.46,0
1,1,1,1,2,0,1,-157.8,6.11,0
1,1,1,1,1,0,1,-159.17,2.75,0
1,2,2,1,22,0,2,-121.16,66.74,0
1,2,2,1,21,0,2,-123.32,64.16,0
1,2,2,1,20,0,2,-125.48,61.57,0
1,2,2,1,19,0,2,-127.64,58.99,0
1,2,2,1,18,0,2,-129.8,56.4,0
1,2,2,1,17,0,2,-131.96,53.82,0
1,2,2,1,16,0,2,-134.12,51.24,0
1,2,2,1,15,0,2,-136.28,48.65,0
1,2,2,1,14,0,2,-138.44,46.07,0
1,2,2,1,13,0,2,-140.6,43.48,0
1,2,2,1,12,0,2,-142.76,40.9,0
1,3,3,1,32,0,3,-91.38,87.76,0
1,3,3,1,31,0,3,-94.21,85.85,0
1,3,3,1,30,0,3,-97.04,83.95,0
1,3,3,1,29,0,3,-99.86,82.04,0
1,3,3,1,28,0,3,-102.69,80.14,0
1,3,3,1,27,0,3,-105.52,78.24,0
1,3,3,1,26,0,3,-108.34,76.33,0
1,3,3,1,25,0,3,-111.17,74.43,0
1,3,3,1,24,0,3,-114,72.52,0
1,3,3,1,23,0,3,-116.82,70.62,0
1,4,4,1,41,0,4,-60.42,99.11,0
1,4,4,1,40,0,4,-63.68,97.98,0
1,4,4,1,39,0,4,-66.95,96.86,0
1,4,4,1,38,0,4,-70.21,95.73,0
1,4,4,1,37,0,4,-73.48,94.6,0
1,4,4,1,36,0,4,-76.74,93.48,0
1,4,4,1,35,0,4,-80.01,92.35,0
1,4,4,1,34,0,4,-83.27,91.22,0
1,4,4,1,33,0,4,-86.54,90.1,0
1,5,5,1,49,0,5,-30.14,102.55,0
1,5,5,1,48,0,5,-33.65,102.22,0
1,5,5,1,47,0,5,-37.17,101.89,0
1,5,5,1,46,0,5,-40.68,101.56,0
1,5,5,1,45,0,5,-44.2,101.24,0
1,5,5,1,44,0,5,-47.71,100.91,0
1,5,5,1,43,0,5,-51.22,100.58,0
1,5,5,1,42,0,5,-54.74,100.26,0
1,6,6,1,56,0,6,-2.78,99.61,0
1,6,6,1,55,0,6,-6.46,100.08,0
1,6,6,1,54,0,6,-10.13,100.55,0
1,6,6,1,53,0,6,-13.8,101.02,0
1,6,6,1,52,0,6,-17.47,101.49,0
1,6,6,1,51,0,6,-21.15,101.96,0
1,6,6,1,50,0,6,-24.82,102.43,0
1,7,7,1,63,0,7,21.58,90.45,0
1,7,7,1,62,0,7,18.43,91.72,0
1,7,7,1,61,0,7,15.29,92.99,0
1,7,7,1,60,0,7,12.15,94.26,0
1,7,7,1,59,0,7,9.01,95.53,0
1,7,7,1,58,0,7,5.87,96.8,0
1,7,7,1,57,0,7,2.72,98.07,0
1,8,8,1,70,0,8,40.48,75.67,0
1,8,8,1,69,0,8,38.09,77.67,0
1,8,8,1,68,0,8,35.69,79.67,0
1,8,8,1,67,0,8,33.3,81.67,0
1,8,8,1,66,0,8,30.9,83.67,0
1,8,8,1,65,0,8,28.51,85.67,0
1,8,8,1,64,0,8,26.11,87.67,0
1,9,9,1,76,0,9,53.75,57.37,0
1,9,9,1,75,0,9,51.86,60.16,0
1,9,9,1,74,0,9,49.97,62.95,0
1,9,9,1,73,0,9,48.09,65.73,0
1,9,9,1,72,0,9,46.2,68.52,0
1,9,9,1,71,0,9,44.32,71.31,0
1,10,10,1,82,0,10,60.94,38.39,0
1,10,10,1,81,0,10,59.97,41.22,0
1,10,10,1,80,0,10,59,44.05,0
1,10,10,1,79,0,10,58.03,46.88,0
1,10,10,1,78,0,10,57.06,49.7,0
1,10,10,1,77,0,10,56.09,52.53,0
1,11,11,1,87,0,11,63.34,19.62,0
1,11,11,1,86,0,11,63.03,22.68,0
1,11,11,1,85,0,11,62.72,26.16,0
1,11,11,1,84,0,11,62.4,29.65,0
1,11,11,1,83,0,11,62.08,32.7,0
1,12,12,1,92,0,12,61.7,2.78,0
1,12,12,1,91,0,12,62.08,5.66,0
1,12,12,1,90,0,12,62.47,8.54,0
1,12,12,1,89,0,12,62.86,11.42,0
1,12,12,1,88,0,12,63.24,14.3,0
1,29,0,0,1012,13,0,160.3,0,0
1,27,0,0,1012,11,0,138.82,80.15,0
1,25,0,0,1012,9,0,80.15,138.83,0
1,23,0,0,1012,7,0,0,160.3,0
1,21,0,0,1012,5,0,-80.15,138.82,0
1,19,0,0,1012,3,0,-138.83,80.15,0
1,17,0,0,1012,1,0,-160.3,0,0
1,29,0,0,1011,13,0,137.81,0,0
1,28,0,0,1011,12,0,144.49,38.72,0
1,27,0,0,1011,11,0,119.35,68.91,0
1,26,0,0,1011,10,0,105.77,105.77,0
1,25,0,0,1011,9,0,68.9,119.35,0
1,24,0,0,1011,8,0,38.71,144.49,0
1,23,0,0,1011,7,0,0,137.81,0
1,22,0,0,1011,6,0,-38.72,144.49,0
1,21,0,0,1011,5,0,-68.91,119.35,0
1,20,0,0,1011,4,0,-105.77,105.77,0
1,19,0,0,1011,3,0,-119.35,68.9,0
1,18,0,0,1011,2,0,-144.49,38.71,0
1,17,0,0,1011,1,0,-137.81,0,0
1,29,0,0,1010,13,0,115.5,0,0
1,28,0,0,1010,12,0,121.85,32.65,0
1,27,0,0,1010,11,0,100.03,57.75,0
1,26,0,0,1010,10,0,89.2,89.2,0
1,25,0,0,1010,9,0,57.75,100.03,0
1,24,0,0,1010,8,0,32.65,121.85,0
1,23,0,0,1010,7,0,0,115.5,0
1,22,0,0,1010,6,0,-32.65,121.85,0
1,21,0,0,1010,5,0,-57.75,100.03,0
1,20,0,0,1010,4,0,-89.2,89.2,0
1,19,0,0,1010,3,0,-100.03,57.75,0
1,18,0,0,1010,2,0,-121.85,32.65,0
1,17,0,0,1010,1,0,-115.5,0,0
1,29,0,0,1009,13,0,99.25,0.02,0
1,28,0,0,1009,12,0,102.79,27.54,0
1,27,0,0,1009,11,0,85.94,49.64,0
1,26,0,0,1009,10,0,75.25,75.25,0
1,25,0,0,1009,9,0,49.61,85.97,0
1,24,0,0,1009,8,0,27.54,102.79,0
1,23,0,0,1009,7,0,-0.02,99.25,0
1,22,0,0,1009,6,0,-27.54,102.79,0
1,21,0,0,1009,5,0,-49.64,85.94,0
1,20,0,0,1009,4,0,-75.25,75.25,0
1,19,0,0,1009,3,0,-85.97,49.61,0
1,18,0,0,1009,2,0,-102.79,27.54,0
1,17,0,0,1009,1,0,-99.25,0.02,0
1,29,0,0,1008,13,0,85.29,0,0
1,28,0,0,1008,12,0,89.45,23.97,0
1,27,0,0,1008,11,0,73.87,42.65,0
1,26,0,0,1008,10,0,65.48,65.48,0
1,25,0,0,1008,9,0,42.65,73.87,0
1,24,0,0,1008,8,0,23.97,89.45,0
1,23,0,0,1008,7,0,0,85.29,0
1,22,0,0,1008,6,0,-23.97,89.45,0
1,21,0,0,1008,5,0,-42.65,73.87,0
1,20,0,0,1008,4,0,-65.48,65.48,0
1,19,0,0,1008,3,0,-73.87,42.65,0
1,18,0,0,1008,2,0,-89.45,23.97,0
1,17,0,0,1008,1,0,-85.29,0,0
1,29,0,0,1007,13,0,71.43,0,0
1,28,0,0,1007,12,0,75.38,20.2,0
1,27,0,0,1007,11,0,61.86,35.71,0
1,26,0,0,1007,10,0,55.18,55.18,0
1,25,0,0,1007,9,0,35.71,61.86,0
1,24,0,0,1007,8,0,20.2,75.38,0
1,23,0,0,1007,7,0,0,71.43,0
1,22,0,0,1007,6,0,-20.2,75.38,0
1,21,0,0,1007,5,0,-35.71,61.86,0
1,20,0,0,1007,4,0,-55.18,55.18,0
1,19,0,0,1007,3,0,-61.86,35.71,0
1,18,0,0,1007,2,0,-75.38,20.2,0
1,17,0,0,1007,1,0,-71.43,0,0
1,29,0,0,1006,13,0,61.34,0,0
1,28,0,0,1006,12,0,63.54,17.02,0
1,27,0,0,1006,11,0,53.12,30.67,0
1,26,0,0,1006,10,0,46.52,46.51,0
1,25,0,0,1006,9,0,30.67,53.12,0
1,24,0,0,1006,8,0,17.03,63.54,0
1,23,0,0,1006,7,0,0,61.34,0
1,22,0,0,1006,6,0,-17.02,63.54,0
1,21,0,0,1006,5,0,-30.67,53.12,0
1,20,0,0,1006,4,0,-46.51,46.52,0
1,19,0,0,1006,3,0,-53.12,30.67,0
1,18,0,0,1006,2,0,-63.54,17.03,0
1,17,0,0,1006,1,0,-61.34,0,0
1,29,0,0,1005,13,0,52.65,0,0
1,28,0,0,1005,12,0,55.26,14.81,0
1,27,0,0,1005,11,0,45.6,26.33,0
1,26,0,0,1005,10,0,40.45,40.45,0
1,25,0,0,1005,9,0,26.32,45.6,0
1,24,0,0,1005,8,0,14.81,55.26,0
1,23,0,0,1005,7,0,0,52.65,0
1,22,0,0,1005,6,0,-14.81,55.26,0
1,21,0,0,1005,5,0,-26.33,45.6,0
1,20,0,0,1005,4,0,-40.45,40.45,0
1,19,0,0,1005,3,0,-45.6,26.32,0
1,18,0,0,1005,2,0,-55.26,14.81,0
1,17,0,0,1005,1,0,-52.65,0,0
1,29,0,0,1004,13,0,44.05,0,0
1,28,0,0,1004,12,0,46.51,12.46,0
1,27,0,0,1004,11,0,38.15,22.02,0
1,26,0,0,1004,10,0,34.05,34.04,0
1,25,0,0,1004,9,0,22.02,38.15,0
1,24,0,0,1004,8,0,12.46,46.51,0
1,23,0,0,1004,7,0,0,44.05,0
1,22,0,0,1004,6,0,-12.46,46.51,0
1,21,0,0,1004,5,0,-22.02,38.15,0
1,20,0,0,1004,4,0,-34.04,34.05,0
1,19,0,0,1004,3,0,-38.15,22.02,0
1,18,0,0,1004,2,0,-46.51,12.46,0
1,17,0,0,1004,1,0,-44.05,0,0
1,29,0,0,1003,13,0,37.81,0,0
1,28,0,0,1003,12,0,39.18,10.49,0
1,27,0,0,1003,11,0,32.74,18.91,0
1,26,0,0,1003,10,0,28.68,28.68,0
1,25,0,0,1003,9,0,18.9,32.74,0
1,24,0,0,1003,8,0,10.5,39.18,0
1,23,0,0,1003,7,0,0,37.81,0
1,22,0,0,1003,6,0,-10.49,39.18,0
1,21,0,0,1003,5,0,-18.91,32.74,0
1,20,0,0,1003,4,0,-28.68,28.68,0
1,19,0,0,1003,3,0,-32.74,18.9,0
1,18,0,0,1003,2,0,-39.18,10.5,0
1,17,0,0,1003,1,0,-37.81,0,0
1,29,0,0,1002,13,0,32.46,0,0
1,28,0,0,1002,12,0,34.06,9.12,0
1,27,0,0,1002,11,0,28.11,16.23,0
1,26,0,0,1002,10,0,24.93,24.93,0
1,25,0,0,1002,9,0,16.23,28.11,0
1,24,0,0,1002,8,0,9.13,34.05,0
1,23,0,0,1002,7,0,0,32.46,0
1,22,0,0,1002,6,0,-9.12,34.06,0
1,21,0,0,1002,5,0,-16.23,28.11,0
1,20,0,0,1002,4,0,-24.93,24.93,0
1,19,0,0,1002,3,0,-28.11,16.23,0
1,18,0,0,1002,2,0,-34.05,9.13,0
1,17,0,0,1002,1,0,-32.46,0,0
1,29,0,0,1001,13,0,27.19,0,0
1,28,0,0,1001,12,0,28.69,7.68,0
1,27,0,0,1001,11,0,23.55,13.59,0
1,26,0,0,1001,10,0,21,21,0
1,25,0,0,1001,9,0,13.59,23.55,0
1,24,0,0,1001,8,0,7.69,28.69,0
1,23,0,0,1001,7,0,0,27.19,0
1,22,0,0,1001,6,0,-7.68,28.69,0
1,21,0,0,1001,5,0,-13.59,23.55,0
1,20,0,0,1001,4,0,-21,21,0
1,19,0,0,1001,3,0,-23.55,13.59,0
1,18,0,0,1001,2,0,-28.69,7.69,0
1,17,0,0,1001,1,0,-27.19,0,0
1,13,0,0,1,0,0,2.2,0.25,0.5
1,13,0,0,2,0,0,-2.2,0.5,1
1,13,0,0,3,0,0,4.4,0.75,1.5
1,13,0,0,4,0,0,-4.4,1,2
1,13,0,0,5,0,0,6.6,1.25,2.5
1,13,0,0,6,0,0,-6.6,1.5,3
1,13,0,0,7,0,0,8.8,1.75,3.5
1,13,0,0,8,0,0,-8.8,2,4
1,13,0,0,9,0,0,11,2.25,4.5
1,13,0,0,10,0,0,-11,2.5,5
1,13,0,0,11,0,0,13.2,2.75,5.5
1,13,0,0,12,0,0,-13.2,3,6
1,13,0,0,13,0,0,15.4,3.25,6.5
1,13,0,0,14,0,0,-15.4,3.5,7
1,13,0,0,15,0,0,17.6,3.75,7.5
1,13,0,0,16,0,0,-17.6,4,8
1,13,0,0,17,0,0,19.8,4.25,8.5
1,13,0,0,18,0,0,-19.8,4.5,9
1,13,0,0,19,0,0,22,4.75,9.5
1,13,0,0,20,0,0,-22,5,10
1,13,0,0,21,0,0,24.2,5.25,10.5
1,13,0,0,22,0,0,-24.2,5.5,11
1,13,0,0,23,0,0,26.4,5.75,11.5
1,13,0,0,24,0,0,-26.4,6,12
1,13,0,0,25,0,0,28.6,6.25,12.5
1,13,0,0,26,0,0,-28.6,6.5,13
1,13,0,0,27,0,0,30.8,6.75,13.5
1,13,0,0,28,0,0,-30.8,7,14
1,13,0,0,29,0,0,33,7.25,14.5
1,13,0,0,30,0,0,-33,7.5,15
1,13,0,0,31,0,0,35.2,7.75,15.5
1,13,0,0,32,0,0,-35.2,8,16
1,13,0,0,33,0,0,37.4,8.25,16.5
1,13,0,0,34,0,0,-37.4,8.5,17
1,13,0,0,35,0,0,39.6,8.75,17.5
1,13,0,0,36,0,0,-39.6,9,18
1,13,0,0,37,0,0,41.8,9.25,18.5
1,13,0,0,38,0,0,-41.8,9.5,19
1,13,0,0,39,0,0,44,9.75,19.5
1,13,0,0,40,0,0,-44,10,20
1,13,0,0,41,0,0,41.8,10.25,20.5
1,13,0,0,42,0,0,-41.8,10.5,21
1,13,0,0,43,0,0,39.6,10.75,21.5
1,13,0,0,44,0,0,-39.6,11,22
1,13,0,0,45,0,0,37.4,11.25,22.5
1,13,0,0,46,0,0,-37.4,11.5,23
1,13,0,0,47,0,0,35.2,11.75,23.5
1,13,0,0,48,0,0,-35.2,12,24
1,13,0,0,49,0,0,33,12.25,24.5
1,13,0,0,50,0,0,-33,12.5,25
1,13,0,0,51,0,0,30.8,12.75,25.5
1,13,0,0,52,0,0,-30.8,13,26
1,13,0,0,53,0,0,28.6,13.25,26.5
1,13,0,0,54,0,0,-28.6,13.5,27
1,13,0,0,55,0,0,26.4,13.75,27.5
1,13,0,0,56,0,0,-26.4,14,28
1,13,0,0,57,0,0,24.2,14.25,28.5
1,13,0,0,58,0,0,-24.2,14.5,29
1,13,0,0,59,0,0,22,14.75,29.5
1,13,0,0,60,0,0,-22,15,30
1,13,0,0,61,0,0,19.8,15.25,30.5
1,13,0,0,62,0,0,-19.8,15.5,31
1,13,0,0,63,0,0,17.6,15.75,31.5
1,13,0,0,64,0,0,-17.6,16,32
1,13,0,0,65,0,0,15.4,16.25,32.5
1,13,0,0,66,0,0,-15.4,16.5,33
1,13,0,0,67,0,0,13.2,16.75,33.5
1,13,0,0,68,0,0,-13.2,17,34
1,13,0,0,69,0,0,11,17.25,34.5
1,13,0,0,70,0,0,-11,17.5,35
1,13,0,0,71,0,0,8.8,17.75,35.5
1,13,0,0,72,0,0,-8.8,18,36
1,13,0,0,73,0,0,6.6,18.25,36.5
1,13,0,0,74,0,0,-6.6,18.5,37
1,13,0,0,75,0,0,4.4,18.75,37.5
1,14,0,0,1,0,0,10,19,38
1,14,0,0,2,0,0,-10,20,39
1,14,0,0,3,0,0,10,21,40
1,14,0,0,4,0,0,-10,22,41
1,14,0,0,5,0,0,10,23,42
1,14,0,0,6,0,0,-10,24,43
1,14,0,0,7,0,0,10,25,44
1,14,0,0,8,0,0,-10,26,45
1,14,0,0,9,0,0,10,27,46
1,14,0,0,10,0,0,-10,28,47
1,14,0,0,11,0,0,10,29,48
1,14,0,0,12,0,0,-10,30,49
1,14,0,0,13,0,0,10,31,50
1,14,0,0,14,0,0,-10,32,51
1,14,0,0,15,0,0,10,33,52
1,14,0,0,16,0,0,-10,34,53
1,14,0,0,17,0,0,10,35,54
1,14,0,0,18,0,0,-10,36,55
1,14,0,0,19,0,0,10,37,56
1,14,0,0,20,0,0,-10,38,57
1,14,0,0,21,0,0,10,39,58
1,14,0,0,22,0,0,-10,40,59
1,14,0,0,23,0,0,10,41,60
1,14,0,0,24,0,0,-10,42,61
1,14,0,0,25,0,0,10,43,62
1,14,0,0,26,0,0,-10,44,63
1,14,0,0,27,0,0,10,45,64
1,14,0,0,28,0,0,-10,46,65
1,14,0,0,29,0,0,10,47,66
1,14,0,0,30,0,0,-10,48,67
1,14,0,0,31,0,0,10,49,68
1,14,0,0,32,0,0,-10,50,69
1,14,0,0,33,0,0,10,51,70
1,14,0,0,34,0,0,-10,52,71
1,14,0,0,35,0,0,10,53,72
1,14,0,0,36,0,0,-10,54,73
1,14,0,0,37,0,0,10,55,74
1,14,0,0,38,0,0,-10,56,75
1,14,0,0,39,0,0,10,57,76
1,14,0,0,40,0,0,-10,58,77
1,14,0,0,41,0,0,10,59,78
1,14,0,0,42,0,0,-10,60,79
1,14,0,0,43,0,0,10,61,80
1,14,0,0,44,0,0,-10,62,81
1,14,0,0,45,0,0,10,63,82
1,14,0,0,46,0,0,-10,64,83
1,14,0,0,47,0,0,10,65,84
1,14,0,0,48,0,0,-10,66,85
1,14,0,0,49,0,0,10,67,86
1,14,0,0,50,0,0,-10,68,87
1,14,0,0,51,0,0,10,69,88
1,14,0,0,52,0,0,-10,70,89
1,14,0,0,53,0,0,10,71,90
1,14,0,0,54,0,0,-10,72,91
1,14,0,0,55,0,0,10,73,92
1,14,0,0,56,0,0,-10,74,93
1,14,0,0,57,0,0,10,75,94
1,14,0,0,58,0,0,-10,76,95
1,14,0,0,59,0,0,10,77,96
1,14,0,0,60,0,0,-10,78,97
1,14,0,0,61,0,0,10,79,98
1,14,0,0,62,0,0,-10,80,99
1,14,0,0,63,0,0,10,81,100
1,14,0,0,64,0,0,-10,82,101
1,14,0,0,65,0,0,10,83,102
1,14,0,0,66,0,0,-10,84,103
1,14,0,0,67,0,0,10,85,104
1,14,0,0,68,0,0,-10,86,105
1,14,0,0,69,0,0,10,87,106
1,14,0,0,70,0,0,-10,88,107
1,14,0,0,71,0,0,10,89,108
1,14,0,0,72,0,0,-10,90,109
1,14,0,0,73,0,0,10,91,110
1,14,0,0,74,0,0,-10,92,111
1,14,0,0,75,0,0,10,93,112
1,30,0,0,1,0,0,20,98,117
1,30,0,0,2,0,0,-20,98,117
