id,x,y,z,address,panel,feather,rung,spiral,controllerID,controllerChannel,position
0,111.4998634,0.0120472506,0,1,0,13,1,0,1,0,0
1,95.86107539,0.0103543363,0,2,0,13,3,0,1,0,0
2,80.33917724,0.0087007921,0,3,0,13,5,0,1,0,0
3,69.03889555,0.007480319,0,4,0,13,7,0,1,0,0
4,59.32869345,0.0064173263,0,5,0,13,9,0,1,0,0
5,49.68246777,0.0053937037,0,6,0,13,11,0,1,0,0
6,42.66340887,0.0046063017,0,7,0,13,13,0,1,0,0
7,36.62297253,0.0039763801,0,8,0,13,15,0,1,0,0
8,30.63816615,0.0033070884,0,9,0,13,17,0,1,0,0
9,26.29875436,0.0028346472,0,10,0,13,19,0,1,0,0
10,22.53355548,0.0024409462,0,11,0,13,21,0,1,0,0
11,18.9110732,0.0020472452,0,12,0,13,23,0,1,0,0
12,100.2769045,27.74442443,0,1,0,12,2,0,1,0,0
13,84.57374646,23.40024886,0,2,0,12,4,0,1,0,0
14,71.33909364,19.73898704,0,3,0,12,6,0,1,0,0
15,62.08152959,17.17796203,0,4,0,12,8,0,1,0,0
16,52.31609124,14.47642514,0,5,0,12,10,0,1,0,0
17,44.09970885,12.20339242,0,6,0,12,12,0,1,0,0
18,38.35021756,10.61075376,0,7,0,12,14,0,1,0,0
19,32.2800568,8.927209545,0,8,0,12,16,0,1,0,0
20,27.18938476,7.522838708,0,9,0,12,18,0,1,0,0
21,23.63418599,6.541775186,0,10,0,12,20,0,1,0,0
22,19.90843595,5.490829737,0,11,0,12,22,0,1,0,0
23,96.55670568,55.75865216,0,1,0,11,1,0,1,0,0
24,83.01382436,47.93801801,0,2,0,11,3,0,1,0,0
25,69.57216355,40.17584847,0,3,0,11,5,0,1,0,0
26,59.7863315,34.52482179,0,4,0,11,7,0,1,0,0
27,51.37746869,29.6689924,0,5,0,11,9,0,1,0,0
28,43.02403898,24.84513153,0,6,0,11,11,0,1,0,0
29,36.94564987,21.33505089,0,7,0,11,13,0,1,0,0
30,31.71478091,18.3143406,0,8,0,11,15,0,1,0,0
31,26.53206157,15.32150434,0,9,0,11,17,0,1,0,0
32,22.77418553,13.15142442,0,10,0,11,19,0,1,0,0
33,19.51359321,11.26854939,0,11,0,11,21,0,1,0,0
34,16.37662302,9.457012981,0,12,0,11,23,0,1,0,0
35,72.97145673,74.16452824,0,1,0,10,2,0,1,0,0
36,61.54400961,62.55097866,0,2,0,10,4,0,1,0,0
37,51.91294142,52.76309936,0,3,0,10,6,0,1,0,0
38,45.17600865,45.91648149,0,4,0,10,8,0,1,0,0
39,38.06958749,38.69431223,0,5,0,10,10,0,1,0,0
40,32.09033229,32.61773415,0,6,0,10,12,0,1,0,0
41,27.90737727,28.36379484,0,7,0,10,14,0,1,0,0
42,23.49213867,23.87080029,0,8,0,10,16,0,1,0,0
43,19.78564061,20.1093022,0,9,0,10,18,0,1,0,0
44,17.19725338,17.48213542,0,10,0,10,20,0,1,0,0
45,14.49607082,14.7091418,0,11,0,10,22,0,1,0,0
46,55.74298286,96.56576081,0,1,0,9,1,0,1,0,0
47,47.92455344,83.02158026,0,2,0,9,3,0,1,0,0
48,40.16458862,69.57865962,0,3,0,9,5,0,1,0,0
49,34.51513675,59.79192205,0,4,0,9,7,0,1,0,0
50,29.66064594,51.38227184,0,5,0,9,9,0,1,0,0
51,24.83812365,43.02805473,0,6,0,9,11,0,1,0,0
52,21.32902727,36.94911444,0,7,0,9,13,0,1,0,0
53,18.30918312,31.71773366,0,8,0,9,15,0,1,0,0
54,15.31717363,26.53454189,0,9,0,9,17,0,1,0,0
55,13.14772364,22.77635088,0,10,0,9,19,0,1,0,0
56,11.26536041,19.51544361,0,11,0,9,21,0,1,0,0
57,9.454335814,16.37815845,0,12,0,9,23,0,1,0,0
58,26.11469914,100.7135977,0,1,0,8,2,0,1,0,0
59,22.02469693,84.94232933,0,2,0,8,4,0,1,0,0
60,18.57764783,71.65027491,0,3,0,8,6,0,1,0,0
61,16.16646542,62.35255336,0,4,0,8,8,0,1,0,0
62,13.62299948,52.54479215,0,5,0,8,10,0,1,0,0
63,11.48299833,44.29274045,0,6,0,8,12,0,1,0,0
64,9.987288858,38.51726489,0,7,0,8,14,0,1,0,0
65,8.410004541,32.41863955,0,8,0,8,16,0,1,0,0
66,7.080712485,27.30784939,0,9,0,8,18,0,1,0,0
67,6.152641118,23.73847739,0,10,0,8,20,0,1,0,0
68,5.199766587,19.98642812,0,11,0,8,22,0,1,0,0
69,-0.0060236253,111.4998634,0,1,0,7,1,0,1,0,0
70,-0.0051574831,95.86107539,0,2,0,7,3,0,1,0,0
71,-0.004330711,80.33917724,0,3,0,7,5,0,1,0,0
72,-0.0037007894,69.03889555,0,4,0,7,7,0,1,0,0
73,-0.0031889781,59.32869345,0,5,0,7,9,0,1,0,0
74,-0.0026771668,49.68246777,0,6,0,7,11,0,1,0,0
75,-0.0022834658,42.66340887,0,7,0,7,13,0,1,0,0
76,-0.001968505,36.62297253,0,8,0,7,15,0,1,0,0
77,-0.0016535442,30.63816615,0,9,0,7,17,0,1,0,0
78,-0.0014173236,26.29875436,0,10,0,7,19,0,1,0,0
79,-0.0012204731,22.53355548,0,11,0,7,21,0,1,0,0
80,-0.0010236226,18.9110732,0,12,0,7,23,0,1,0,0
81,-27.33631397,100.3889125,0,1,0,6,2,0,1,0,0
82,-23.05603607,84.6682347,0,2,0,6,4,0,1,0,0
83,-19.44863255,71.41877872,0,3,0,6,6,0,1,0,0
84,-16.92528473,62.15086033,0,4,0,6,8,0,1,0,0
85,-14.26347227,52.37455584,0,5,0,6,10,0,1,0,0
86,-12.02390413,44.14896085,0,6,0,6,12,0,1,0,0
87,-10.45469068,38.39305223,0,7,0,6,14,0,1,0,0
88,-8.795831521,32.31608044,0,8,0,6,16,0,1,0,0
89,-7.412169357,27.21973911,0,9,0,6,18,0,1,0,0
90,-6.445554662,23.66060333,0,10,0,6,20,0,1,0,0
91,-5.409806071,19.93060131,0,11,0,6,22,0,1,0,0
92,-55.75341593,96.55973718,0,1,0,5,1,0,1,0,0
93,-47.93352982,83.01642278,0,2,0,5,3,0,1,0,0
94,-40.17206894,69.57432891,0,3,0,5,5,0,1,0,0
95,-34.52159344,59.78818189,0,4,0,5,7,0,1,0,0
96,-29.66619712,51.37908286,0,5,0,5,9,0,1,0,0
97,-24.84276932,43.02537756,0,6,0,5,11,0,1,0,0
98,-21.33300365,36.94683097,0,7,0,5,13,0,1,0,0
99,-18.31260831,31.71576516,0,8,0,5,15,0,1,0,0
100,-15.32004764,26.53288834,0,9,0,5,17,0,1,0,0
101,-13.15016458,22.77493356,0,10,0,5,19,0,1,0,0
102,-11.26744703,19.51422314,0,11,0,5,21,0,1,0,0
103,-9.456107469,16.37713483,0,12,0,5,23,0,1,0,0
104,-73.57240193,73.56842555,0,1,0,4,2,0,1,0,0
105,-62.05160831,62.04747445,0,2,0,4,4,0,1,0,0
106,-52.34183929,52.33762669,0,3,0,4,6,0,1,0,0
107,-45.54990649,45.54561515,0,4,0,4,8,0,1,0,0
108,-38.38537506,38.38100498,0,5,0,4,10,0,1,0,0
109,-32.35734031,32.35289149,0,6,0,4,12,0,1,0,0
110,-28.13733803,28.13568448,0,7,0,4,14,0,1,0,0
111,-23.68017027,23.68430413,0,8,0,4,16,0,1,0,0
112,-19.94875093,19.94749109,0,9,0,4,18,0,1,0,0
113,-17.34256842,17.33796212,0,10,0,4,20,0,1,0,0
114,-14.59150394,14.61445671,0,11,0,4,22,0,1,0,0
115,-96.56272931,55.74817971,0,1,0,3,1,0,1,0,0
116,-83.01902121,47.92904163,0,2,0,3,3,0,1,0,0
117,-69.57649426,40.16832878,0,3,0,3,5,0,1,0,0
118,-59.79007166,34.5183651,0,4,0,3,7,0,1,0,0
119,-51.38069704,29.66340185,0,5,0,3,9,0,1,0,0
120,-43.02671615,24.84044648,0,6,0,3,11,0,1,0,0
121,-36.94797271,21.33103514,0,7,0,3,13,0,1,0,0
122,-31.71674941,18.3109154,0,8,0,3,15,0,1,0,0
123,-26.53371512,15.31859095,0,9,0,3,17,0,1,0,0
124,-22.77564222,13.14894411,0,10,0,3,19,0,1,0,0
125,-19.51481369,11.26642341,0,11,0,3,21,0,1,0,0
126,-16.37764664,9.455241326,0,12,0,3,23,0,1,0,0
127,-100.4992669,26.92773108,0,1,0,2,2,0,1,0,0
128,-84.7615812,22.71040596,0,2,0,2,4,0,1,0,0
129,-71.49783388,19.15607334,0,3,0,2,6,0,1,0,0
130,-62.21987612,16.66981215,0,4,0,2,8,0,1,0,0
131,-52.43298107,14.04717294,0,5,0,2,10,0,1,0,0
132,-44.19848843,11.84055758,0,6,0,2,12,0,1,0,0
133,-38.43529635,10.29823391,0,7,0,2,14,0,1,0,0
134,-32.34962377,8.671697596,0,8,0,2,16,0,1,0,0
135,-27.24973912,7.301145675,0,9,0,2,18,0,1,0,0
136,-23.68800492,6.344255394,0,10,0,2,20,0,1,0,0
137,-19.94375093,5.361105257,0,11,0,2,22,0,1,0,0
138,-111.4998634,0,0,1,0,1,1,0,1,0,0
139,-95.86107539,0,0,2,0,1,3,0,1,0,0
140,-80.33917724,0,0,3,0,1,5,0,1,0,0
141,-69.03889555,0,0,4,0,1,7,0,1,0,0
142,-59.32869345,0,0,5,0,1,9,0,1,0,0
143,-49.68246777,0,0,6,0,1,11,0,1,0,0
144,-42.66340887,0,0,7,0,1,13,0,1,0,0
145,-36.62297253,0,0,8,0,1,15,0,1,0,0
146,-30.63816615,0,0,9,0,1,17,0,1,0,0
147,-26.29875436,0,0,10,0,1,19,0,1,0,0
148,-22.53355548,0,0,11,0,1,21,0,1,0,0
149,-18.9110732,0,0,12,0,1,23,0,1,0,0
150,110.8287213,2.680355778,0,1,12,0,1,12,1,0,0
151,110.0122641,5.548073862,0,2,12,0,1,12,1,0,0
152,109.0866337,8.441303771,0,3,12,0,1,12,1,0,0
153,108.1006489,11.21500606,0,4,12,0,1,12,1,0,0
154,106.9719869,14.0937084,0,5,12,0,1,12,1,0,0
155,105.8207264,16.77485158,0,6,12,0,1,12,1,0,0
156,104.806907,18.962963,0,7,12,0,1,12,1,0,0
157,103.5613945,21.46678325,0,8,12,0,1,12,1,0,0
158,100.3095424,22.76583907,0,9,12,0,2,15,1,0,0
159,100.0628887,19.81808157,0,10,12,0,2,15,1,0,0
160,99.62288844,16.40678051,0,11,12,0,2,15,1,0,0
161,99.29395126,13.50748761,0,12,12,0,2,15,1,0,0
162,98.67036824,10.36791898,0,13,12,0,2,15,1,0,0
163,97.97595842,7.344885856,0,14,12,0,2,15,1,0,0
164,97.13017056,4.198269984,0,15,12,0,2,15,1,0,0
165,94.16855479,4.34264014,0,16,12,0,3,14,1,0,0
166,93.0755227,7.116775497,0,17,12,0,3,14,1,0,0
167,91.87138819,9.90555653,0,18,12,0,3,14,1,0,0
168,90.61882846,12.56953435,0,19,12,0,3,14,1,0,0
169,89.21402455,15.32402402,0,20,12,0,3,14,1,0,0
170,87.80607104,17.87977343,0,21,12,0,3,14,1,0,0
171,84.51921887,18.96540394,0,22,12,0,4,17,1,0,0
172,84.07921863,15.55410289,0,23,12,0,4,17,1,0,0
173,83.75028145,12.65480998,0,24,12,0,4,17,1,0,0
174,83.12665906,9.515241359,0,25,12,0,4,17,1,0,0
175,82.43224924,6.49220823,0,26,12,0,4,17,1,0,0
176,81.58646138,3.345592358,0,27,12,0,4,17,1,0,0
177,79.77075174,2.381536719,0,28,12,0,5,16,1,0,0
178,78.67771965,5.155672075,0,29,12,0,5,16,1,0,0
179,76.22102541,10.60843093,0,30,12,0,5,16,1,0,0
180,77.47358514,7.944492479,0,30,12,0,5,16,1,0,0
181,74.8162215,13.36295997,0,32,12,0,5,16,1,0,0
182,73.40826799,15.91867001,0,33,12,0,5,16,1,0,0
183,71.47862128,14.99004746,0,34,12,0,6,19,1,0,0
184,71.03858167,11.57874641,0,35,12,0,6,19,1,0,0
185,70.70964448,8.679453506,0,36,12,0,6,19,1,0,0
186,70.08606147,5.539884881,0,37,12,0,6,19,1,0,0
187,69.39165164,2.516851753,0,38,12,0,6,19,1,0,0
188,68.3093676,2.856773196,0,39,12,0,7,18,1,0,0
189,67.34334345,5.677640861,0,40,12,0,7,18,1,0,0
190,66.26700429,8.518232946,0,41,12,0,7,18,1,0,0
191,65.13664935,11.23630528,0,42,12,0,7,18,1,0,0
192,63.8583022,14.0517005,0,43,12,0,7,18,1,0,0
193,61.94664762,12.40327441,0,44,12,0,8,21,1,0,0
194,61.50664739,8.99197336,0,45,12,0,8,21,1,0,0
195,61.1777102,6.092680455,0,46,12,0,8,21,1,0,0
196,60.55412719,2.953151201,0,47,12,0,8,21,1,0,0
197,58.47546465,2.898269282,0,48,12,0,9,20,1,0,0
198,57.11912533,5.797562186,0,49,12,0,9,20,1,0,0
199,55.66754975,8.328784025,0,50,12,0,9,20,1,0,0
200,54.00239137,11.33843132,0,51,12,0,9,20,1,0,0
201,52.01943754,9.373469629,0,52,12,0,10,23,1,0,0
202,51.23152373,6.025357584,0,53,12,0,10,23,1,0,0
203,50.60668087,3.175159195,0,54,12,0,10,23,1,0,0
204,48.49451438,3.305513596,0,55,12,0,11,22,1,0,0
205,47.38246653,5.862995292,0,56,12,0,11,22,1,0,0
206,46.18388321,8.3227604,0,57,12,0,11,22,1,0,0
207,43.99490565,9.403469645,0,58,12,0,12,1,1,0,0
208,43.73171653,5.835436222,0,59,12,0,12,1,1,0,0
209,43.22596822,3.092875686,0,60,12,0,12,1,1,0,0
210,42.30344804,1.514055936,0,61,12,0,13,24,1,0,0
211,41.40801449,4.155199094,0,62,12,0,13,24,1,0,0
212,39.898368,7.398822893,0,63,12,0,13,24,1,0,0
213,37.90781575,5.322404449,0,64,12,0,14,3,1,0,0
214,37.20651615,2.04311134,0,65,12,0,14,3,1,0,0
215,35.55045227,2.88189132,0,66,12,0,15,2,1,0,0
216,34.50037296,5.037443665,0,67,12,0,15,2,1,0,0
217,31.94848182,5.28330994,0,68,12,0,16,5,1,0,0
218,31.39438703,2.613938419,0,69,12,0,16,5,1,0,0
219,29.85773266,2.128150756,0,70,12,0,17,4,1,0,0
220,26.89387279,3.245631674,0,71,12,0,17,4,1,0,0
221,29.14387401,3.967994269,0,71,12,0,18,7,1,0,0
222,25.36611606,2.828781055,0,73,12,0,19,6,1,0,0
223,23.19946135,2.717442412,0,74,12,0,20,9,1,0,0
224,21.67835816,2.280079971,0,75,12,0,21,8,1,0,0
225,97.31017066,53.11239089,0,1,11,0,1,15,1,0,0
226,98.03753326,50.22077515,0,2,11,0,1,15,1,0,0
227,98.68312416,47.25246646,0,3,11,0,1,15,1,0,0
228,99.21662838,44.3574649,0,4,11,0,1,15,1,0,0
229,99.67910894,41.30021915,0,5,11,0,1,15,1,0,0
230,100.0232824,38.4026979,0,6,11,0,1,15,1,0,0
231,100.2398179,36.00088558,0,7,11,0,1,15,1,0,0
232,100.4135975,33.20982108,0,8,11,0,1,15,1,0,0
233,98.247494,30.45844164,0,9,11,0,2,12,1,0,0
234,96.55954033,32.88761618,0,10,11,0,2,12,1,0,0
235,94.47229511,35.62147593,0,11,11,0,2,12,1,0,0
236,92.73729417,37.96750082,0,12,11,0,2,12,1,0,0
237,90.62701744,40.3742344,0,13,11,0,2,12,1,0,0
238,88.51366984,42.64462933,0,14,11,0,2,12,1,0,0
239,86.20740876,44.94632348,0,15,11,0,2,12,1,0,0
240,83.71508458,43.3400234,0,16,11,0,3,17,1,0,0
241,84.15614781,40.39112417,0,17,11,0,3,17,1,0,0
242,84.50831335,37.37395719,0,18,11,0,3,17,1,0,0
243,84.75614813,34.44064852,0,19,11,0,3,17,1,0,0
244,84.91740806,31.35281221,0,20,11,0,3,17,1,0,0
245,84.97654195,28.43552717,0,21,11,0,3,17,1,0,0
246,82.67335173,25.85147065,0,22,11,0,4,14,1,0,0
247,80.58610651,28.5853304,0,23,11,0,4,14,1,0,0
248,78.85114494,30.93135529,0,24,11,0,4,14,1,0,0
249,76.74082884,33.33808887,0,25,11,0,4,14,1,0,0
250,74.62748124,35.6084838,0,26,11,0,4,14,1,0,0
251,72.32125953,37.91017795,0,27,11,0,4,14,1,0,0
252,70.26677023,37.83683146,0,28,11,0,5,19,1,0,0
253,70.70783346,34.88793223,0,29,11,0,5,19,1,0,0
254,71.30783378,28.93745657,0,30,11,0,5,19,1,0,0
255,71.06003837,31.87072587,0,30,11,0,5,19,1,0,0
256,71.46913308,25.84962026,0,32,11,0,5,19,1,0,0
257,71.5282276,22.93233522,0,33,11,0,5,19,1,0,0
258,69.39279338,22.77127214,0,34,11,0,6,16,1,0,0
259,67.30554816,25.50513188,0,35,11,0,6,16,1,0,0
260,65.57054722,27.85119614,0,36,11,0,6,16,1,0,0
261,63.46027049,30.25789036,0,37,11,0,6,16,1,0,0
262,61.34692289,32.52828528,0,38,11,0,6,16,1,0,0
263,60.57971775,31.69265491,0,39,11,0,7,21,1,0,0
264,61.15416688,28.76682656,0,40,11,0,7,21,1,0,0
265,61.64294667,25.7687147,0,41,11,0,7,21,1,0,0
266,62.02361617,22.84969738,0,42,11,0,7,21,1,0,0
267,62.32487618,19.77237288,0,43,11,0,7,21,1,0,0
268,59.84499295,20.24363298,0,44,11,0,8,18,1,0,0
269,57.75774772,22.97749272,0,45,11,0,8,18,1,0,0
270,56.02278616,25.32351761,0,46,11,0,8,18,1,0,0
271,53.91247006,27.73025119,0,47,11,0,8,18,1,0,0
272,52.0850675,26.7380853,0,48,11,0,9,23,1,0,0
273,52.36073694,23.54906783,0,49,11,0,9,23,1,0,0
274,52.36983143,20.63119224,0,50,11,0,9,23,1,0,0
275,52.43321729,17.19221401,0,51,11,0,9,23,1,0,0
276,49.73333394,17.90189943,0,52,11,0,10,20,1,0,0
277,47.37644291,20.40701889,0,53,11,0,10,20,1,0,0
278,45.4097883,22.56257124,0,54,11,0,10,20,1,0,0
279,43.64600782,21.3932399,0,55,11,0,11,1,1,0,0
280,43.96222846,18.62241163,0,56,11,0,11,1,1,0,0
281,44.15466951,15.89296134,0,57,11,0,11,1,1,0,0
282,42.79966878,13.86229095,0,58,11,0,12,22,1,0,0
283,40.78714801,16.82028467,0,59,11,0,12,22,1,0,0
284,38.97746199,18.94221495,0,60,11,0,12,22,1,0,0
285,37.3889572,19.84788473,0,61,11,0,13,3,1,0,0
286,37.93458741,17.11300137,0,62,11,0,13,3,1,0,0
287,38.24974506,13.54918054,0,63,11,0,13,3,1,0,0
288,35.48749948,14.35158255,0,64,11,0,14,24,1,0,0
289,33.24001795,16.84044216,0,65,11,0,14,24,1,0,0
290,32.22548984,15.28579566,0,66,11,0,15,9,1,0,0
291,32.3943482,12.89406208,0,67,11,0,15,9,1,0,0
292,30.30757542,11.40476994,0,68,11,0,16,2,1,0,0
293,28.49261381,13.43910175,0,69,11,0,16,2,1,0,0
294,26.91903028,13.09118817,0,70,11,0,17,7,1,0,0
295,24.91147015,10.64106874,0,71,11,0,17,7,1,0,0
296,27.22111706,11.1409509,0,71,11,0,18,4,1,0,0
297,23.380052,10.23787954,0,73,11,0,19,9,1,0,0
298,21.44820056,9.250595547,0,74,11,0,20,6,1,0,0
299,19.91229422,8.868508726,0,75,11,0,21,11,1,0,0
300,94.64135032,57.73392881,0,1,10,0,1,10,1,0,0
301,92.50044365,59.8092449,0,2,10,0,1,10,1,0,0
302,90.25225346,61.85208064,0,3,10,0,1,10,1,0,0
303,88.01154359,63.76121553,0,4,10,0,1,10,1,0,0
304,85.59481,65.68995673,0,5,10,0,1,10,1,0,0
305,83.25721031,67.43633563,0,6,10,0,1,10,1,0,0
306,81.28520137,68.82440724,0,7,10,0,1,10,1,0,0
307,78.9546883,70.370038,0,8,10,0,1,10,1,0,0
308,75.4889384,69.86921096,0,9,10,0,2,17,1,0,0
309,76.7491753,67.19302841,0,10,10,0,2,17,1,0,0
310,78.07370358,64.01873536,0,11,10,0,2,17,1,0,0
311,79.23842862,61.34337958,0,12,10,0,2,17,1,0,0
312,80.26811421,58.31262991,0,13,10,0,2,17,1,0,0
313,81.17819344,55.34735272,0,14,10,0,2,17,1,0,0
314,82.0189813,52.19939827,0,15,10,0,2,17,1,0,0
315,79.38193263,50.84368887,0,16,10,0,3,12,1,0,0
316,77.04834869,52.69967413,0,17,10,0,3,12,1,0,0
317,74.61114265,54.51282471,0,18,10,0,3,12,1,0,0
318,72.19444843,56.19365239,0,19,10,0,3,12,1,0,0
319,69.60062814,57.87676354,0,20,10,0,3,12,1,0,0
320,67.10346143,59.38613443,0,21,10,0,3,12,1,0,0
321,63.71412889,58.68298444,0,22,10,0,4,19,1,0,0
322,65.03865717,55.50869139,0,23,10,0,4,19,1,0,0
323,66.20342158,52.83333562,0,24,10,0,4,19,1,0,0
324,67.2330678,49.80258595,0,25,10,0,4,19,1,0,0
325,68.14314703,46.83734813,0,26,10,0,4,19,1,0,0
326,68.98393489,43.6893543,0,27,10,0,4,19,1,0,0
327,67.89350123,41.94663682,0,28,10,0,5,14,1,0,0
328,65.55987792,43.80262208,0,29,10,0,5,14,1,0,0
329,60.70597766,47.29660034,0,30,10,0,5,14,1,0,0
330,63.12267188,45.61577266,0,30,10,0,5,14,1,0,0
331,58.11215736,48.97971149,0,32,10,0,5,14,1,0,0
332,55.61503003,50.48912175,0,33,10,0,5,14,1,0,0
333,54.40813962,48.72006568,0,34,10,0,6,21,1,0,0
334,55.73266789,45.54577263,0,35,10,0,6,21,1,0,0
335,56.89739293,42.87041685,0,36,10,0,6,21,1,0,0
336,57.92707852,39.83966718,0,37,10,0,6,21,1,0,0
337,58.83715776,36.87442936,0,38,10,0,6,21,1,0,0
338,57.72991306,36.62765757,0,39,10,0,7,16,1,0,0
339,55.48294335,38.58765863,0,40,10,0,7,16,1,0,0
340,53.1305405,40.50954943,0,41,10,0,7,16,1,0,0
341,50.79262585,42.29832993,0,42,10,0,7,16,1,0,0
342,48.27786072,44.09742539,0,43,10,0,7,16,1,0,0
343,47.44648231,41.71403827,0,44,10,0,8,23,1,0,0
344,48.77101059,38.53970585,0,45,10,0,8,23,1,0,0
345,49.935775,35.86438945,0,46,10,0,8,23,1,0,0
346,50.96542122,32.83363978,0,47,10,0,8,23,1,0,0
347,49.19266436,31.74682817,0,48,10,0,9,18,1,0,0
348,46.56841097,33.57958506,0,49,10,0,9,18,1,0,0
349,44.04577182,35.04592444,0,50,10,0,9,18,1,0,0
350,41.09888046,36.81978366,0,51,10,0,9,18,1,0,0
351,40.36403754,34.12667197,0,52,10,0,10,1,1,0,0
352,41.35569162,30.83312689,0,53,10,0,10,1,1,0,0
353,42.23958974,28.05237735,0,54,10,0,10,1,1,0,0
354,40.34521864,27.10918787,0,55,10,0,11,20,1,0,0
355,38.10344577,28.76804703,0,56,10,0,11,20,1,0,0
356,35.8356099,30.29903211,0,57,10,0,11,20,1,0,0
357,33.39954559,30.14048872,0,58,10,0,12,3,1,0,0
358,34.95553069,26.91883343,0,59,10,0,12,3,1,0,0
359,35.88879891,24.29083989,0,60,10,0,12,3,1,0,0
360,35.87923197,22.46229559,0,61,10,0,13,22,1,0,0
361,33.78320722,24.30190289,0,62,10,0,13,22,1,0,0
362,30.85407178,26.3562347,0,63,10,0,13,22,1,0,0
363,30.16836275,23.56272926,0,64,10,0,14,5,1,0,0
364,31.2006074,20.37209762,0,65,10,0,14,5,1,0,0
365,29.34702372,20.27048339,0,66,10,0,15,24,1,0,0
366,27.35985729,21.61225577,0,67,10,0,15,24,1,0,0
367,25.02690328,20.54926307,0,68,10,0,16,7,1,0,0
368,25.88166752,17.96044277,0,69,10,0,16,7,1,0,0
369,24.79379292,16.77142638,0,70,10,0,17,2,1,0,0
370,21.66824005,16.25733161,0,71,10,0,17,2,1,0,0
371,23.25568185,18.00788374,0,71,10,0,18,9,1,0,0
372,20.55359378,15.13248849,0,73,10,0,19,4,1,0,0
373,18.73284476,13.95276344,0,74,10,0,20,11,1,0,0
374,17.63418275,12.81347149,0,75,10,0,21,6,1,0,0
375,57.71857448,94.6507204,0,1,9,0,1,17,1,0,0
376,59.79428426,92.5101287,0,2,9,0,1,17,1,0,0
377,61.83747434,90.26229284,0,3,9,0,1,17,1,0,0
378,63.74696356,88.02185856,0,4,9,0,1,17,1,0,0
379,65.67605909,85.60543993,0,5,9,0,1,17,1,0,0
380,67.42283168,83.2681552,0,6,9,0,1,17,1,0,0
381,68.81121826,81.29634311,0,7,9,0,1,17,1,0,0
382,70.35724272,78.96606626,0,8,9,0,1,17,1,0,0
383,69.85696686,75.50027699,0,9,9,0,2,10,1,0,0
384,67.18058746,76.76008082,0,10,9,0,2,10,1,0,0
385,64.00605819,78.08409728,0,11,9,0,2,10,1,0,0
386,61.33054493,79.24838925,0,12,9,0,2,10,1,0,0
387,58.29963778,80.27756303,0,13,9,0,2,10,1,0,0
388,55.33420311,81.18716983,0,14,9,0,2,10,1,0,0
389,52.18613054,82.02744587,0,15,9,0,2,10,1,0,0
390,50.83081485,79.39020035,0,16,9,0,3,19,1,0,0
391,52.68719381,77.05685263,0,17,9,0,3,19,1,0,0
392,54.50073809,74.61996155,0,18,9,0,3,19,1,0,0
393,56.18195947,72.20354293,0,19,9,0,3,19,1,0,0
394,57.86546432,69.60999822,0,20,9,0,3,19,1,0,0
395,59.37526828,67.11310711,0,21,9,0,3,19,1,0,0
396,58.67266948,63.72365646,0,22,9,0,4,12,1,0,0
397,55.49814021,65.04767292,0,23,9,0,4,12,1,0,0
398,52.82262695,66.21196489,0,24,9,0,4,12,1,0,0
399,49.79168043,67.24113867,0,25,9,0,4,12,1,0,0
400,46.82628513,68.15074546,0,26,9,0,4,12,1,0,0
401,43.67817319,68.99102151,0,27,9,0,4,12,1,0,0
402,41.9356132,67.90027289,0,28,9,0,5,21,1,0,0
403,43.79199215,65.56696454,0,29,9,0,5,21,1,0,0
404,47.28675782,60.71361546,0,30,9,0,5,21,1,0,0
405,45.60553644,63.13007346,0,30,9,0,5,21,1,0,0
406,48.97030203,58.12011013,0,32,9,0,5,21,1,0,0
407,50.480106,55.62317964,0,33,9,0,5,21,1,0,0
408,48.71124678,54.41605301,0,34,9,0,6,14,1,0,0
409,45.53675687,55.7400301,0,35,9,0,6,14,1,0,0
410,42.86120425,56.90436144,0,36,9,0,6,14,1,0,0
411,39.8302971,57.93353522,0,37,9,0,6,14,1,0,0
412,36.8649018,58.84314201,0,38,9,0,6,14,1,0,0
413,36.61832686,57.73585795,0,39,9,0,7,23,1,0,0
414,38.57868225,55.48916382,0,40,9,0,7,23,1,0,0
415,40.50092738,53.13711531,0,41,9,0,7,23,1,0,0
416,42.29010158,50.79947625,0,42,9,0,7,23,1,0,0
417,44.08959074,48.28502607,0,43,9,0,7,23,1,0,0
418,41.7063611,47.45325397,0,44,9,0,8,16,1,0,0
419,38.53183183,48.77727043,0,45,9,0,8,16,1,0,0
420,35.8562792,49.9415624,0,46,9,0,8,16,1,0,0
421,32.82537206,50.97073619,0,47,9,0,8,16,1,0,0
422,31.73883604,49.19782184,0,48,9,0,9,1,1,0,0
423,33.572026,46.57384405,0,49,9,0,9,1,1,0,0
424,35.03879845,44.05144111,0,50,9,0,9,1,1,0,0
425,36.81313012,41.10486472,0,51,9,0,9,1,1,0,0
426,34.12009717,40.36954936,0,52,9,0,10,18,1,0,0
427,30.82643397,41.36065226,0,53,9,0,10,18,1,0,0
428,28.04552696,42.2441173,0,54,9,0,10,18,1,0,0
429,27.10265243,40.34958872,0,55,9,0,11,3,1,0,0
430,28.7619053,38.10809144,0,56,9,0,11,3,1,0,0
431,30.2932447,35.84049179,0,57,9,0,11,3,1,0,0
432,30.13505564,33.40442749,0,58,9,0,12,20,1,0,0
433,26.91316414,34.95990077,0,59,9,0,12,20,1,0,0
434,24.28501311,35.89273592,0,60,9,0,12,20,1,0,0
435,22.45646882,35.88285402,0,61,9,0,13,9,1,0,0
436,24.29643044,33.78714423,0,62,9,0,13,9,1,0,0
437,26.3512347,30.85832375,0,63,9,0,13,9,1,0,0
438,23.55784737,30.17218165,0,64,9,0,14,22,1,0,0
439,20.36701887,31.20391449,0,65,9,0,14,22,1,0,0
440,20.2657196,29.35029144,0,66,9,0,15,7,1,0,0
441,21.60780694,27.36336123,0,67,9,0,15,7,1,0,0
442,20.54520794,25.03024974,0,68,9,0,16,24,1,0,0
443,17.95626954,25.88458091,0,69,9,0,16,24,1,0,0
444,16.76741063,24.79650945,0,70,9,0,17,9,1,0,0
445,16.25382767,21.67087784,0,71,9,0,17,9,1,0,0
446,18.00414358,23.25859524,0,71,9,0,18,2,1,0,0
447,15.12914203,20.55603472,0,73,9,0,19,11,1,0,0
448,13.94973194,18.73512823,0,74,9,0,20,4,1,0,0
449,12.81059747,17.63626937,0,75,9,0,21,13,1,0,0
450,53.09660348,97.31875334,0,1,8,0,1,8,1,0,0
451,50.20486963,98.0456435,0,2,8,0,1,8,1,0,0
452,47.2364822,98.69076195,0,3,8,0,1,8,1,0,0
453,44.3414019,99.22379374,0,4,8,0,1,8,1,0,0
454,41.28407741,99.68580186,0,5,8,0,1,8,1,0,0
455,38.38651679,100.0295028,0,6,8,0,1,8,1,0,0
456,35.9846651,100.2456447,0,7,8,0,1,8,1,0,0
457,33.19356123,100.4189912,0,8,8,0,1,8,1,0,0
458,30.44253612,98.25241526,0,9,8,0,2,19,1,0,0
459,32.87198625,96.56485529,0,10,8,0,2,19,1,0,0
460,35.60616096,94.47804314,0,11,8,0,2,19,1,0,0
461,37.95250081,92.74347528,0,12,8,0,2,19,1,0,0
462,40.35954935,90.63355288,0,13,8,0,2,19,1,0,0
463,42.63029861,88.52055961,0,14,8,0,2,19,1,0,0
464,44.93238647,86.21469223,0,15,8,0,2,19,1,0,0
465,43.32644072,83.72209245,0,16,8,0,3,10,1,0,0
466,40.37750212,84.16268324,0,17,8,0,3,10,1,0,0
467,37.3602564,84.51437635,0,18,8,0,3,10,1,0,0
468,34.42690835,84.76173868,0,19,8,0,3,10,1,0,0
469,31.33907204,84.9224868,0,20,8,0,3,10,1,0,0
470,28.42174763,84.98114825,0,21,8,0,3,10,1,0,0
471,25.83804545,82.67756433,0,22,8,0,4,21,1,0,0
472,28.57225952,80.59075218,0,23,8,0,4,21,1,0,0
473,30.91859937,78.85614494,0,24,8,0,4,21,1,0,0
474,33.32564792,76.74622255,0,25,8,0,4,21,1,0,0
475,35.59639717,74.63326865,0,26,8,0,4,21,1,0,0
476,37.89844566,72.32740126,0,27,8,0,4,21,1,0,0
477,37.8254535,70.27291196,0,28,8,0,5,12,1,0,0
478,34.87647553,70.71350275,0,29,8,0,5,12,1,0,0
479,28.92588176,71.31251882,0,30,8,0,5,12,1,0,0
480,31.8592298,71.06519586,0,30,8,0,5,12,1,0,0
481,25.83804545,71.47330631,0,32,8,0,5,12,1,0,0
482,22.92076041,71.53196776,0,33,8,0,5,12,1,0,0
483,22.76005166,69.39649417,0,34,8,0,6,23,1,0,0
484,25.49422637,67.30968202,0,35,8,0,6,23,1,0,0
485,27.84056622,65.57507478,0,36,8,0,6,23,1,0,0
486,30.24761476,63.46515238,0,37,8,0,6,23,1,0,0
487,32.51836402,61.35215911,0,38,8,0,6,23,1,0,0
488,31.68285175,60.58487524,0,39,8,0,7,14,1,0,0
489,28.75690529,61.15885192,0,40,8,0,7,14,1,0,0
490,25.7587147,61.6471199,0,41,8,0,7,14,1,0,0
491,22.839658,62.02731696,0,42,8,0,7,14,1,0,0
492,19.76225477,62.32806515,0,43,8,0,7,14,1,0,0
493,20.23394793,59.84830003,0,44,8,0,8,1,1,0,0
494,22.96812264,57.76148788,0,45,8,0,8,1,1,0,0
495,25.31446249,56.02688065,0,46,8,0,8,1,1,0,0
496,27.72151103,53.91695825,0,47,8,0,8,1,1,0,0
497,26.72962073,52.08939821,0,48,8,0,9,16,1,0,0
498,23.54060326,52.36455584,0,49,8,0,9,16,1,0,0
499,20.62272767,52.37317789,0,50,8,0,9,16,1,0,0
500,17.18371007,52.43601257,0,51,8,0,9,16,1,0,0
501,17.89382856,49.73624733,0,52,8,0,10,3,1,0,0
502,20.39934172,47.37974999,0,53,8,0,10,3,1,0,0
503,22.55520903,45.41344972,0,54,8,0,10,3,1,0,0
504,21.38615328,43.64947239,0,55,8,0,11,18,1,0,0
505,18.61532501,43.96525996,0,56,8,0,11,18,1,0,0
506,15.88579598,44.15722857,0,57,8,0,11,18,1,0,0
507,13.85536181,42.80195225,0,58,8,0,12,5,1,0,0
508,16.81370987,40.78986455,0,59,8,0,12,5,1,0,0
509,18.93587637,38.98053286,0,60,8,0,12,5,1,0,0
510,19.84186111,37.39218555,0,61,8,0,13,20,1,0,0
511,17.10685963,37.93738269,0,62,8,0,13,20,1,0,0
512,13.54299944,38.25194979,0,63,8,0,13,20,1,0,0
513,14.34583452,35.48982231,0,64,8,0,14,7,1,0,0
514,16.83508783,33.24273449,0,65,8,0,14,7,1,0,0
515,15.2805988,32.22797016,0,66,8,0,15,22,1,0,0
516,12.88882586,32.39647419,0,67,8,0,15,22,1,0,0
517,11.39984868,30.30942582,0,68,8,0,16,9,1,0,0
518,13.43449544,28.49477917,0,69,8,0,16,9,1,0,0
519,13.08681809,26.92115627,0,70,8,0,17,24,1,0,0
520,10.63705299,24.91320243,0,71,8,0,17,24,1,0,0
521,11.13654145,27.22292809,0,71,8,0,18,11,1,0,0
522,10.23410001,23.38174491,0,73,8,0,19,2,1,0,0
523,9.247130978,21.44969662,0,74,8,0,20,13,1,0,0
524,8.865280378,19.91371154,0,75,8,0,21,4,1,0,0
525,2.662403013,110.8291543,0,1,7,0,1,19,1,0,0
526,5.530278577,110.0131696,0,2,7,0,1,19,1,0,0
527,8.423626596,109.0880117,0,3,7,0,1,19,1,0,0
528,11.19748636,108.10246,0,4,7,0,1,19,1,0,0
529,14.07634618,106.9742704,0,5,7,0,1,19,1,0,0
530,16.75772558,105.823443,0,6,7,0,1,19,1,0,0
531,18.94599448,104.8099779,0,7,7,0,1,19,1,0,0
532,21.45001158,103.5648591,0,8,7,0,1,19,1,0,0
533,22.74957921,100.3132038,0,9,7,0,2,8,1,0,0
534,19.80186109,100.066117,0,10,7,0,2,8,1,0,0
535,16.39063877,99.62552624,0,11,7,0,2,8,1,0,0
536,13.49138524,99.29611661,0,12,7,0,2,8,1,0,0
537,10.35193472,98.67202179,0,13,7,0,2,8,1,0,0
538,7.329019706,97.97713952,0,14,7,0,2,8,1,0,0
539,4.182521944,97.13083985,0,15,7,0,2,8,1,0,0
540,4.327364542,94.16922408,0,16,7,0,3,21,1,0,0
541,7.101657378,93.07666443,0,17,7,0,3,21,1,0,0
542,9.890674632,91.872963,0,18,7,0,3,21,1,0,0
543,12.5548493,90.62083634,0,19,7,0,3,21,1,0,0
544,15.3095752,89.21650487,0,20,7,0,3,21,1,0,0
545,17.86552146,87.80894505,0,21,7,0,3,21,1,0,0
546,18.95170315,84.52228974,0,22,7,0,4,10,1,0,0
547,15.54048083,84.08169895,0,23,7,0,4,10,1,0,0
548,12.64126667,83.75232869,0,24,7,0,4,10,1,0,0
549,9.501776785,83.1281945,0,25,7,0,4,10,1,0,0
550,6.478861766,82.43331223,0,26,7,0,4,10,1,0,0
551,3.332364004,81.58701256,0,27,7,0,4,10,1,0,0
552,2.368623326,79.77114544,0,28,7,0,5,23,1,0,0
553,5.142916163,78.67854642,0,29,7,0,5,23,1,0,0
554,10.59610808,76.2227577,0,30,7,0,5,23,1,0,0
555,7.931933417,77.47488436,0,30,7,0,5,23,1,0,0
556,13.35083398,74.81838686,0,32,7,0,5,23,1,0,0
557,15.90678024,73.41086641,0,33,7,0,5,23,1,0,0
558,14.97847266,71.48102285,0,34,7,0,6,12,1,0,0
559,11.56721097,71.04047143,0,35,7,0,6,12,1,0,0
560,8.667996807,70.71106181,0,36,7,0,6,12,1,0,0
561,5.528546293,70.08696698,0,37,7,0,6,12,1,0,0
562,2.505631274,69.39204535,0,38,7,0,6,12,1,0,0
563,2.845710198,68.30980067,0,39,7,0,7,1,1,0,0
564,5.666735344,67.34428833,0,40,7,0,7,1,1,0,0
565,8.507484909,66.26838224,0,41,7,0,7,1,1,0,0
566,11.22575409,65.13846037,0,42,7,0,7,1,1,0,0
567,14.04134617,63.86058567,0,43,7,0,7,1,1,0,0
568,12.39323504,61.9486555,0,44,7,0,8,14,1,0,0
569,8.982012724,61.50810408,0,45,7,0,8,14,1,0,0
570,6.08275919,61.17869445,0,46,7,0,8,14,1,0,0
571,2.943308676,60.55459963,0,47,7,0,8,14,1,0,0
572,2.888781088,58.47589772,0,48,7,0,9,3,1,0,0
573,5.788310212,57.12003084,0,49,7,0,9,3,1,0,0
574,8.319768272,55.66888833,0,50,7,0,9,3,1,0,0
575,11.32965179,54.00420239,0,51,7,0,9,3,1,0,0
576,9.365044427,52.0209336,0,52,7,0,10,16,1,0,0
577,6.017089863,51.23250798,0,53,7,0,10,16,1,0,0
578,3.166970214,50.60719268,0,54,7,0,10,16,1,0,0
579,3.297639576,48.49506556,0,55,7,0,11,5,1,0,0
580,5.855318123,47.38341141,0,56,7,0,11,5,1,0,0
581,8.315280081,46.18526116,0,57,7,0,11,5,1,0,0
582,9.396304287,43.99644108,0,58,7,0,12,18,1,0,0
583,5.828349604,43.73262204,0,59,7,0,12,18,1,0,0
584,3.085867808,43.22644067,0,60,7,0,12,18,1,0,0
585,1.507205538,42.30368426,0,61,7,0,13,7,1,0,0
586,4.148506177,41.40868378,0,62,7,0,13,7,1,0,0
587,7.392366197,39.89958847,0,63,7,0,13,7,1,0,0
588,5.316302083,37.90868189,0,64,7,0,14,20,1,0,0
589,2.037087714,37.20683112,0,65,7,0,14,20,1,0,0
590,2.876143285,35.55092471,0,66,7,0,15,9,1,0,0
591,5.031853111,34.50119973,0,67,7,0,15,9,1,0,0
592,5.278152457,31.94934796,0,68,7,0,16,22,1,0,0
593,2.608859677,31.39478073,0,69,7,0,16,22,1,0,0
594,2.123308233,29.85808699,0,70,7,0,17,11,1,0,0
595,3.241261593,26.8943846,0,71,7,0,17,11,1,0,0
596,3.963269857,29.14450393,0,71,7,0,18,24,1,0,0
597,2.824686565,25.3665885,0,73,7,0,19,13,1,0,0
598,2.713702253,23.19989442,0,74,7,0,20,2,1,0,0
599,2.276576033,21.67871249,0,75,7,0,21,15,1,0,0
600,-2.674371523,110.8288787,0,1,6,0,1,6,1,0,0
601,-5.542128977,110.0125791,0,2,6,0,1,6,1,0,0
602,-8.435398256,109.0871062,0,3,6,0,1,6,1,0,0
603,-11.20917928,108.1012395,0,4,6,0,1,6,1,0,0
604,-14.08792099,106.9727349,0,5,6,0,1,6,1,0,0
605,-16.76914291,105.8216319,0,6,6,0,1,6,1,0,0
606,-18.9572937,104.8079306,0,7,6,0,1,6,1,0,0
607,-21.46119269,103.5625756,0,8,6,0,1,6,1,0,0
608,-22.76040599,100.3107628,0,9,6,0,2,21,1,0,0
609,-19.81268786,100.0639517,0,10,6,0,2,21,1,0,0
610,-16.40138681,99.62375458,0,11,6,0,2,21,1,0,0
611,-13.50213328,99.29465992,0,12,6,0,2,21,1,0,0
612,-10.36260402,98.67091942,0,13,6,0,2,21,1,0,0
613,-7.339610263,97.97635212,0,14,6,0,2,21,1,0,0
614,-4.19303376,97.13036741,0,15,6,0,2,21,1,0,0
615,-4.337561397,94.16879101,0,16,6,0,3,8,1,0,0
616,-7.111736124,93.0759164,0,17,6,0,3,8,1,0,0
617,-9.900595898,91.8719,0,18,6,0,3,8,1,0,0
618,-12.56465245,90.61949775,0,19,6,0,3,8,1,0,0
619,-15.31922087,89.21485133,0,20,6,0,3,8,1,0,0
620,-17.87500965,87.80701592,0,21,6,0,3,8,1,0,0
621,-18.96083701,84.52024249,0,22,6,0,4,23,1,0,0
622,-15.54957533,84.0800454,0,23,6,0,4,23,1,0,0
623,-12.65028242,83.75095074,0,24,6,0,4,23,1,0,0
624,-9.510753167,83.12717087,0,25,6,0,4,23,1,0,0
625,-6.487759409,82.43260357,0,26,6,0,4,23,1,0,0
626,-3.341182907,81.58665823,0,27,6,0,4,23,1,0,0
627,-2.377245378,79.77090922,0,28,6,0,5,10,1,0,0
628,-5.151420105,78.67799524,0,29,6,0,5,10,1,0,0
629,-10.60433644,76.22161596,0,30,6,0,5,10,1,0,0
630,-7.940279878,77.47401821,0,30,6,0,5,10,1,0,0
631,-13.35890485,74.81696954,0,32,6,0,5,10,1,0,0
632,-15.91469363,73.40913413,0,33,6,0,5,10,1,0,0
633,-14.98618919,71.47940868,0,34,6,0,6,1,1,0,0
634,-11.57488814,71.03921159,0,35,6,0,6,1,1,0,0
635,-8.675634606,70.71011692,0,36,6,0,6,1,1,0,0
636,-5.536105352,70.08633706,0,37,6,0,6,1,1,0,0
637,-2.513111593,69.39176976,0,38,6,0,6,1,1,0,0
638,-2.853072407,68.30948571,0,39,6,0,7,12,1,0,0
639,-5.673979442,67.34365841,0,40,6,0,7,12,1,0,0
640,-8.514650267,66.26747673,0,41,6,0,7,12,1,0,0
641,-11.23276197,65.13727927,0,42,6,0,7,12,1,0,0
642,-14.0482753,63.8590896,0,43,6,0,7,12,1,0,0
643,-12.39992796,61.94731692,0,44,6,0,8,3,1,0,0
644,-8.988666271,61.50711983,0,45,6,0,8,3,1,0,0
645,-6.089373367,61.17802516,0,46,6,0,8,3,1,0,0
646,-2.949844113,60.55428467,0,47,6,0,8,3,1,0,0
647,-2.895119674,58.47562213,0,48,6,0,9,14,1,0,0
648,-5.794491318,57.11940092,0,49,6,0,9,14,1,0,0
649,-8.325791898,55.66802219,0,50,6,0,9,14,1,0,0
650,-11.33547856,54.00298192,0,51,6,0,9,14,1,0,0
651,-9.370674352,52.01994935,0,52,6,0,10,5,1,0,0
652,-6.022601677,51.23183869,0,53,6,0,10,5,1,0,0
653,-3.172442658,50.60683835,0,54,6,0,10,5,1,0,0
654,-3.302915169,48.49471123,0,55,6,0,11,16,1,0,0
655,-5.860436236,47.38278149,0,56,6,0,11,16,1,0,0
656,-8.320280084,46.18435565,0,57,6,0,11,16,1,0,0
657,-9.401068069,43.99541746,0,58,6,0,12,7,1,0,0
658,-5.833074016,43.73203149,0,59,6,0,12,7,1,0,0
659,-3.09051348,43.2261257,0,60,6,0,12,7,1,0,0
660,-1.51177247,42.30352678,0,61,6,0,13,18,1,0,0
661,-4.152954999,41.40821134,0,62,6,0,13,18,1,0,0
662,-7.396696908,39.89880107,0,63,6,0,13,18,1,0,0
663,-5.320357204,37.90813071,0,64,6,0,14,9,1,0,0
664,-2.041103464,37.20663426,0,65,6,0,14,9,1,0,0
665,-2.879962185,35.55060975,0,66,6,0,15,20,1,0,0
666,-5.0355539,34.50064855,0,67,6,0,15,20,1,0,0
667,-5.281577655,31.94875741,0,68,6,0,16,11,1,0,0
668,-2.612245505,31.39450514,0,69,6,0,16,11,1,0,0
669,-2.126497211,29.85785077,0,70,6,0,17,22,1,0,0
670,-3.24417498,26.89403027,0,71,6,0,17,22,1,0,0
671,-3.966419465,29.14411023,0,71,6,0,18,13,1,0,0
672,-2.827403102,25.36627354,0,73,6,0,19,24,1,0,0
673,-2.716182569,23.19961883,0,74,6,0,20,15,1,0,0
674,-2.278898868,21.67847627,0,75,6,0,21,2,1,0,0
675,-53.10711529,97.31304468,0,1,5,0,1,21,1,0,0
676,-50.21546019,98.04021042,0,2,5,0,1,21,1,0,0
677,-47.2471515,98.68564384,0,3,5,0,1,21,1,0,0
678,-44.35211056,99.21902996,0,4,5,0,1,21,1,0,0
679,-41.29486482,99.68135304,0,5,5,0,1,21,1,0,0
680,-38.3973042,100.0253296,0,6,5,0,1,21,1,0,0
681,-35.99549188,100.241747,0,7,5,0,1,21,1,0,0
682,-33.20438801,100.4154086,0,8,5,0,1,21,1,0,0
683,-30.45312668,98.24914754,0,9,5,0,2,6,1,0,0
684,-32.88241933,96.56131199,0,10,5,0,2,6,1,0,0
685,-35.61635782,94.47422424,0,11,5,0,2,6,1,0,0
686,-37.96250081,92.73934142,0,12,5,0,2,6,1,0,0
687,-40.36935251,90.6291828,0,13,5,0,2,6,1,0,0
688,-42.63986555,88.51595331,0,14,5,0,2,6,1,0,0
689,-44.94167781,86.2098497,0,15,5,0,2,6,1,0,0
690,-43.33549584,83.71740741,0,16,5,0,3,23,1,0,0
691,-40.38659661,84.15831316,0,17,5,0,3,23,1,0,0
692,-37.36939026,84.51032123,0,18,5,0,3,23,1,0,0
693,-34.43608159,84.75799853,0,19,5,0,3,23,1,0,0
694,-31.34824527,84.91910097,0,20,5,0,3,23,1,0,0
695,-28.43096023,84.97807738,0,21,5,0,3,23,1,0,0
696,-25.84698246,82.67476905,0,22,5,0,4,8,1,0,0
697,-28.58096032,80.58764194,0,23,5,0,4,8,1,0,0
698,-30.92710331,78.85279849,0,24,5,0,4,8,1,0,0
699,-33.33391564,76.74263987,0,25,5,0,4,8,1,0,0
700,-35.60442868,74.62941038,0,26,5,0,4,8,1,0,0
701,-37.90628031,72.32330677,0,27,5,0,4,8,1,0,0
702,-37.83301256,70.26881747,0,28,5,0,5,1,1,0,0
703,-34.88411333,70.70972322,0,29,5,0,5,1,1,0,0
704,-28.9335983,71.30940859,0,30,5,0,5,1,1,0,0
705,-31.86690697,71.06173129,0,30,5,0,5,1,1,0,0
706,-25.84576199,71.47051104,0,32,5,0,5,1,1,0,0
707,-22.92847695,71.52948744,0,33,5,0,5,1,1,0,0
708,-22.76753198,69.39401385,0,34,5,0,6,10,1,0,0
709,-25.50150983,67.30692611,0,35,5,0,6,10,1,0,0
710,-27.84765283,65.57204328,0,36,5,0,6,10,1,0,0
711,-30.25446516,63.46188466,0,37,5,0,6,10,1,0,0
712,-32.52497819,61.34865518,0,38,5,0,6,10,1,0,0
713,-31.68938719,60.58145004,0,39,5,0,7,3,1,0,0
714,-28.76351947,61.15574169,0,40,5,0,7,3,1,0,0
715,-25.76536824,61.64432463,0,41,5,0,7,3,1,0,0
716,-22.84635092,62.02483664,0,42,5,0,7,3,1,0,0
717,-19.76898705,62.32593917,0,43,5,0,7,3,1,0,0
718,-20.24040463,59.84609531,0,44,5,0,8,12,1,0,0
719,-22.97434311,57.75900757,0,45,5,0,8,12,1,0,0
720,-25.32048611,56.02416411,0,46,5,0,8,12,1,0,0
721,-27.72733781,53.91396612,0,47,5,0,8,12,1,0,0
722,-26.73525066,52.08648482,0,48,5,0,9,5,1,0,0
723,-23.54623319,52.36199678,0,49,5,0,9,5,1,0,0
724,-20.6283576,52.37093379,0,50,5,0,9,5,1,0,0
725,-17.18937936,52.43416217,0,51,5,0,9,5,1,0,0
726,-17.89922226,49.7343182,0,52,5,0,10,14,1,0,0
727,-20.40445984,47.37754527,0,53,5,0,10,14,1,0,0
728,-22.56009092,45.41100877,0,54,5,0,10,14,1,0,0
729,-21.39087769,43.64714955,0,55,5,0,11,7,1,0,0
730,-18.62004942,43.96325209,0,56,5,0,11,7,1,0,0
731,-15.89059913,44.15553566,0,57,5,0,11,7,1,0,0
732,-13.86000748,42.80041681,0,58,5,0,12,16,1,0,0
733,-16.81811932,40.78805352,0,59,5,0,12,16,1,0,0
734,-18.94008897,38.97848562,0,60,5,0,12,16,1,0,0
735,-19.84587686,37.39002019,0,61,5,0,13,9,1,0,0
736,-17.11095412,37.9355323,0,62,5,0,13,9,1,0,0
737,-13.5471333,38.2504931,0,63,5,0,13,9,1,0,0
738,-14.34969279,35.48828688,0,64,5,0,14,18,1,0,0
739,-16.83867051,33.24092346,0,65,5,0,14,18,1,0,0
740,-15.28406337,32.22631661,0,66,5,0,15,11,1,0,0
741,-12.89229043,32.39505686,0,67,5,0,15,11,1,0,0
742,-11.40311639,30.30820534,0,68,5,0,16,20,1,0,0
743,-13.43756631,28.49336184,0,69,5,0,16,20,1,0,0
744,-13.08973148,26.91973895,0,70,5,0,17,13,1,0,0
745,-10.63973015,24.91202133,0,71,5,0,17,13,1,0,0
746,-11.1394942,27.22170761,0,71,5,0,18,22,1,0,0
747,-10.2366197,23.38060318,0,73,5,0,19,15,1,0,0
748,-9.249453814,21.44871237,0,74,5,0,20,24,1,0,0
749,-8.867445733,19.91276666,0,75,5,0,21,17,1,0,0
750,-57.7288107,94.64446056,0,1,4,0,1,4,1,0,0
751,-59.80428426,92.503672,0,2,4,0,1,4,1,0,0
752,-61.84719875,90.25559992,0,3,4,0,1,4,1,0,0
753,-63.75645175,88.01496879,0,4,4,0,1,4,1,0,0
754,-65.68531106,85.59831394,0,5,4,0,1,4,1,0,0
755,-67.43184744,83.26087173,0,6,4,0,1,4,1,0,0
756,-68.81999779,81.28890216,0,7,4,0,1,4,1,0,0
757,-70.36578603,78.95846783,0,8,4,0,1,4,1,0,0
758,-69.86511647,75.49271793,0,9,4,0,2,23,1,0,0
759,-67.18889455,76.75279735,0,10,4,0,2,23,1,0,0
760,-64.01452276,78.07716815,0,11,4,0,2,23,1,0,0
761,-61.33908824,79.2417357,0,12,4,0,2,23,1,0,0
762,-58.3082992,80.27126382,0,13,4,0,2,23,1,0,0
763,-55.34298264,81.18118557,0,14,4,0,2,23,1,0,0
764,-52.19498882,82.02177658,0,15,4,0,2,23,1,0,0
765,-50.83939753,79.38468854,0,16,4,0,3,6,1,0,0
766,-52.6955009,77.05118334,0,17,4,0,3,6,1,0,0
767,-54.50880896,74.61405604,0,18,4,0,3,6,1,0,0
768,-56.18975475,72.19747993,0,19,4,0,3,6,1,0,0
769,-57.87298401,69.60373837,0,20,4,0,3,6,1,0,0
770,-59.38251238,67.10668978,0,21,4,0,3,6,1,0,0
771,-58.67955925,63.71731787,0,22,4,0,4,1,1,0,0
772,-55.50518745,65.04168867,0,23,4,0,4,1,1,0,0
773,-52.82975294,66.20625622,0,24,4,0,4,1,1,0,0
774,-49.7989639,67.23574497,0,25,4,0,4,1,1,0,0
775,-46.83364734,68.14566672,0,26,4,0,4,1,1,0,0
776,-43.68565351,68.9862971,0,27,4,0,4,1,1,0,0
777,-41.94297541,67.89574533,0,28,4,0,5,8,1,0,0
778,-43.79907877,65.56224013,0,29,4,0,5,8,1,0,0
779,-47.29333263,60.70853672,0,30,4,0,5,8,1,0,0
780,-45.61238684,63.1251522,0,30,4,0,5,8,1,0,0
781,-48.97656188,58.11483453,0,32,4,0,5,8,1,0,0
782,-50.48609025,55.61774657,0,33,4,0,5,8,1,0,0
783,-48.71715229,54.41077741,0,34,4,0,6,3,1,0,0
784,-45.5427805,55.73514821,0,35,4,0,6,3,1,0,0
785,-42.86734598,56.89971577,0,36,4,0,6,3,1,0,0
786,-39.83655694,57.92924388,0,37,4,0,6,3,1,0,0
787,-36.87124038,58.83912626,0,38,4,0,6,3,1,0,0
788,-36.62454734,57.73188157,0,39,4,0,7,10,1,0,0
789,-38.58466651,55.48502996,0,40,4,0,7,10,1,0,0
790,-40.50667542,53.13270586,0,41,4,0,7,10,1,0,0
791,-42.29557402,50.79490932,0,42,4,0,7,10,1,0,0
792,-44.09482696,48.28026229,0,43,4,0,7,10,1,0,0
793,-41.71147922,47.44872641,0,44,4,0,8,5,1,0,0
794,-38.53710742,48.7730972,0,45,4,0,8,5,1,0,0
795,-35.86167291,49.93770413,0,46,4,0,8,5,1,0,0
796,-32.83088387,50.96719288,0,47,4,0,8,5,1,0,0
797,-31.744151,49.19439664,0,48,4,0,9,12,1,0,0
798,-33.57706538,46.570222,0,49,4,0,9,12,1,0,0
799,-35.04356223,44.04762221,0,50,4,0,9,12,1,0,0
800,-36.81757894,41.10088834,0,51,4,0,9,12,1,0,0
801,-34.12446725,40.36584857,0,52,4,0,10,7,1,0,0
802,-30.83092216,41.35734517,0,53,4,0,10,7,1,0,0
803,-28.05009389,42.24112517,0,54,4,0,10,7,1,0,0
804,-27.10702251,40.34667533,0,55,4,0,11,14,1,0,0
805,-28.76599979,38.10498121,0,56,4,0,11,14,1,0,0
806,-30.29710297,35.83722408,0,57,4,0,11,14,1,0,0
807,-30.13867769,33.40115977,0,58,4,0,12,9,1,0,0
808,-26.91694367,34.95698738,0,59,4,0,12,9,1,0,0
809,-24.28891075,35.89009812,0,60,4,0,12,9,1,0,0
810,-22.46036646,35.88045245,0,61,4,0,13,16,1,0,0
811,-24.30009186,33.7845458,0,62,4,0,13,16,1,0,0
812,-26.35454179,30.8554891,0,63,4,0,13,16,1,0,0
813,-23.56111509,30.16962259,0,64,4,0,14,11,1,0,0
814,-20.3704047,31.20170976,0,65,4,0,14,11,1,0,0
815,-20.26890858,29.34808671,0,66,4,0,15,18,1,0,0
816,-21.6107597,27.3610384,0,67,4,0,15,18,1,0,0
817,-20.54792448,25.02800564,0,68,4,0,16,13,1,0,0
818,-17.95906482,25.88265177,0,69,4,0,16,13,1,0,0
819,-16.7700878,24.79469843,0,70,4,0,17,20,1,0,0
820,-16.25615051,21.66910619,0,71,4,0,17,20,1,0,0
821,-18.0066239,23.25662673,0,71,4,0,18,15,1,0,0
822,-15.13138612,20.55442055,0,73,4,0,19,22,1,0,0
823,-13.95173982,18.73359279,0,74,4,0,20,17,1,0,0
824,-12.8125266,17.63489141,0,75,4,0,21,24,1,0,0
825,-94.64757079,57.72369259,0,1,3,0,1,23,1,0,0
826,-92.50690035,59.79924489,0,2,3,0,1,23,1,0,0
827,-90.25894638,61.84231686,0,3,3,0,1,23,1,0,0
828,-88.01843336,63.75168797,0,4,3,0,1,23,1,0,0
829,-85.60189662,65.68066539,0,5,3,0,1,23,1,0,0
830,-83.26449378,67.42731988,0,6,3,0,1,23,1,0,0
831,-81.29264232,68.81562771,0,7,3,0,1,23,1,0,0
832,-78.96228673,70.36153406,0,8,3,0,1,23,1,0,0
833,-75.49649746,69.86102198,0,9,3,0,2,4,1,0,0
834,-76.75645877,67.18472132,0,10,3,0,2,4,1,0,0
835,-78.08063271,64.01027079,0,11,3,0,2,4,1,0,0
836,-79.24508216,61.3347969,0,12,3,0,2,4,1,0,0
837,-80.27441343,58.30392912,0,13,3,0,2,4,1,0,0
838,-81.1841777,55.33861256,0,14,3,0,2,4,1,0,0
839,-82.02461122,52.19053999,0,15,3,0,2,4,1,0,0
840,-79.38744444,50.83510619,0,16,3,0,3,1,1,0,0
841,-77.05401799,52.69132767,0,17,3,0,3,1,1,0,0
842,-74.6170088,54.50475384,0,18,3,0,3,1,1,0,0
843,-72.20051143,56.18585711,0,19,3,0,3,1,1,0,0
844,-69.60688798,57.86924385,0,20,3,0,3,1,1,0,0
845,-67.10987876,59.37889033,0,21,3,0,3,1,1,0,0
846,-63.72046748,58.67609468,0,22,3,0,4,6,1,0,0
847,-65.04468079,55.50164414,0,23,3,0,4,6,1,0,0
848,-66.20909087,52.82617026,0,24,3,0,4,6,1,0,0
849,-67.23846151,49.79530248,0,25,3,0,4,6,1,0,0
850,-68.14822578,46.82994655,0,26,3,0,4,6,1,0,0
851,-68.9886593,43.68191335,0,27,3,0,4,6,1,0,0
852,-67.89802879,41.93927462,0,28,3,0,5,3,1,0,0
853,-65.56460233,43.79553546,0,29,3,0,5,3,1,0,0
854,-60.71109578,47.29002554,0,30,3,0,5,3,1,0,0
855,-63.12759314,45.60896164,0,30,3,0,5,3,1,0,0
856,-58.11747233,48.97345164,0,32,3,0,5,3,1,0,0
857,-55.62046311,50.48309813,0,33,3,0,5,3,1,0,0
858,-54.41341521,48.71419953,0,34,3,0,6,8,1,0,0
859,-55.73758915,45.539749,0,35,3,0,6,8,1,0,0
860,-56.9020386,42.86427512,0,36,3,0,6,8,1,0,0
861,-57.93136987,39.83340734,0,37,3,0,6,8,1,0,0
862,-58.84113414,36.8680514,0,38,3,0,6,8,1,0,0
863,-57.73385007,36.6214371,0,39,3,0,7,5,1,0,0
864,-55.48711658,38.58163501,0,40,3,0,7,5,1,0,0
865,-53.13491058,40.5038014,0,41,3,0,7,5,1,0,0
866,-50.79719278,42.29285748,0,42,3,0,7,5,1,0,0
867,-48.2826245,44.09218916,0,43,3,0,7,5,1,0,0
868,-47.45100988,41.70892016,0,44,3,0,8,10,1,0,0
869,-48.77518382,38.53446963,0,45,3,0,8,10,1,0,0
870,-49.93963327,35.85899574,0,46,3,0,8,10,1,0,0
871,-50.96896453,32.82812796,0,47,3,0,8,10,1,0,0
872,-49.19608956,31.74147383,0,48,3,0,9,7,1,0,0
873,-46.57203302,33.57454569,0,49,3,0,9,7,1,0,0
874,-44.04955135,35.04116065,0,50,3,0,9,7,1,0,0
875,-41.10285684,36.81533484,0,51,3,0,9,7,1,0,0
876,-40.36769896,34.12230189,0,52,3,0,10,12,1,0,0
877,-41.35899871,30.82867806,0,53,3,0,10,12,1,0,0
878,-42.24262124,28.04781042,0,54,3,0,10,12,1,0,0
879,-40.34813202,27.10481779,0,55,3,0,11,9,1,0,0
880,-38.10655601,28.76395254,0,56,3,0,11,9,1,0,0
881,-35.83887762,30.29517384,0,57,3,0,11,9,1,0,0
882,-33.40277394,30.13686667,0,58,3,0,12,14,1,0,0
883,-34.95844407,26.9150539,0,59,3,0,12,14,1,0,0
884,-35.89139733,24.28694225,0,60,3,0,12,14,1,0,0
885,-35.88163355,22.45843732,0,61,3,0,13,11,1,0,0
886,-33.78584502,24.29824147,0,62,3,0,13,11,1,0,0
887,-30.85690643,26.35288825,0,63,3,0,13,11,1,0,0
888,-30.17088243,23.55946154,0,64,3,0,14,16,1,0,0
889,-31.20281213,20.36871179,0,65,3,0,14,16,1,0,0
890,-29.34918908,20.26729441,0,66,3,0,15,13,1,0,0
891,-27.3622195,21.60926364,0,67,3,0,15,13,1,0,0
892,-25.02914737,20.54654653,0,68,3,0,16,18,1,0,0
893,-25.88363602,17.95764749,0,69,3,0,16,18,1,0,0
894,-24.79560394,16.76874921,0,70,3,0,17,15,1,0,0
895,-21.6700117,16.25496941,0,71,3,0,17,15,1,0,0
896,-23.25761098,18.00536405,0,71,3,0,18,20,1,0,0
897,-20.55520795,15.13028376,0,73,3,0,19,17,1,0,0
898,-18.73434083,13.95075556,0,74,3,0,20,22,1,0,0
899,-17.6355607,12.81154235,0,75,3,0,21,23,1,0,0
900,-97.31591869,53.1018397,0,1,2,0,1,2,1,0,0
901,-98.04292696,50.21014522,0,2,2,0,1,2,1,0,0
902,-98.6882029,47.24179716,0,3,2,0,1,2,1,0,0
903,-99.22143153,44.34675623,0,4,2,0,1,2,1,0,0
904,-99.68359714,41.28947112,0,5,2,0,1,2,1,0,0
905,-100.0274162,38.3919105,0,6,2,0,1,2,1,0,0
906,-100.2436762,35.9900588,0,7,2,0,1,2,1,0,0
907,-100.4172196,33.19895494,0,8,2,0,1,2,1,0,0
908,-98.25076172,30.44781172,0,9,2,0,2,1,1,0,0
909,-96.56308364,32.87718311,0,10,2,0,2,1,1,0,0
910,-94.47611401,35.6112397,0,11,2,0,2,1,1,0,0
911,-92.74142803,37.95750081,0,12,2,0,2,1,1,0,0
912,-90.63138752,40.36443125,0,13,2,0,2,1,1,0,0
913,-88.51827615,42.63506239,0,14,2,0,2,1,1,0,0
914,-86.21229065,44.93703214,0,15,2,0,2,1,1,0,0
915,-83.71976962,43.33096828,0,16,2,0,3,4,1,0,0
916,-84.16051789,40.38202968,0,17,2,0,3,4,1,0,0
917,-84.51236847,37.36478396,0,18,2,0,3,4,1,0,0
918,-84.75984892,34.43147529,0,19,2,0,3,4,1,0,0
919,-84.92079389,31.34363897,0,20,2,0,3,4,1,0,0
920,-84.97961282,28.42635393,0,21,2,0,3,4,1,0,0
921,-82.67614701,25.84253364,0,22,2,0,4,3,1,0,0
922,-80.58921675,28.57659023,0,23,2,0,4,3,1,0,0
923,-78.8544914,30.92285134,0,24,2,0,4,3,1,0,0
924,-76.74445089,33.32978178,0,25,2,0,4,3,1,0,0
925,-74.63133951,35.60041293,0,26,2,0,4,3,1,0,0
926,-72.32535402,37.9023433,0,27,2,0,4,3,1,0,0
927,-70.27086472,37.82923303,0,28,2,0,5,6,1,0,0
928,-70.71161299,34.88029443,0,29,2,0,5,6,1,0,0
929,-71.31098339,28.92974003,0,30,2,0,5,6,1,0,0
930,-71.06346357,31.8630487,0,30,2,0,5,6,1,0,0
931,-71.47188899,25.84190372,0,32,2,0,5,6,1,0,0
932,-71.53070792,22.92461868,0,33,2,0,5,6,1,0,0
933,-69.39523432,22.76379182,0,34,2,0,6,5,1,0,0
934,-67.30830406,25.49784841,0,35,2,0,6,5,1,0,0
935,-65.57357872,27.84410952,0,36,2,0,6,5,1,0,0
936,-63.46353821,30.25103996,0,37,2,0,6,5,1,0,0
937,-61.35042683,32.52167111,0,38,2,0,6,5,1,0,0
938,-60.58314295,31.6860801,0,39,2,0,7,8,1,0,0
939,-61.15727712,28.76021238,0,40,2,0,7,8,1,0,0
940,-61.64570258,25.76206116,0,41,2,0,7,8,1,0,0
941,-62.02609649,22.84300446,0,42,2,0,7,8,1,0,0
942,-62.32700216,19.76564059,0,43,2,0,7,8,1,0,0
943,-59.84719767,20.23717628,0,44,2,0,8,7,1,0,0
944,-57.76022804,22.97123288,0,45,2,0,8,7,1,0,0
945,-56.02550269,25.31745462,0,46,2,0,8,7,1,0,0
946,-53.91546219,27.72442442,0,47,2,0,8,7,1,0,0
947,-52.08794151,26.73245538,0,48,2,0,9,10,1,0,0
948,-52.36325662,23.54339854,0,49,2,0,9,10,1,0,0
949,-52.37207553,20.62552295,0,50,2,0,9,10,1,0,0
950,-52.43506769,17.18654471,0,51,2,0,9,10,1,0,0
951,-49.73526308,17.89650573,0,52,2,0,10,9,1,0,0
952,-47.37864763,20.40190078,0,53,2,0,10,9,1,0,0
953,-45.41222925,22.55764998,0,54,2,0,10,9,1,0,0
954,-43.64833066,21.38851549,0,55,2,0,11,12,1,0,0
955,-43.96423634,18.61768722,0,56,2,0,11,12,1,0,0
956,-44.1564018,15.88819756,0,57,2,0,11,12,1,0,0
957,-42.80116484,13.85768465,0,58,2,0,12,11,1,0,0
958,-40.78895903,16.81591459,0,59,2,0,12,11,1,0,0
959,-38.97950924,18.93800235,0,60,2,0,12,11,1,0,0
960,-37.39112255,19.84386898,0,61,2,0,13,14,1,0,0
961,-37.93643781,17.10890688,0,62,2,0,13,14,1,0,0
962,-38.25120176,13.54504668,0,63,2,0,13,14,1,0,0
963,-35.48907428,14.34776365,0,64,2,0,14,13,1,0,0
964,-33.24182897,16.83685949,0,65,2,0,14,13,1,0,0
965,-32.22714339,15.28233109,0,66,2,0,15,16,1,0,0
966,-32.39576553,12.89055814,0,67,2,0,15,16,1,0,0
967,-30.30883526,11.40150222,0,68,2,0,16,15,1,0,0
968,-28.4940705,13.43603088,0,69,2,0,16,15,1,0,0
969,-26.92044761,13.08827478,0,70,2,0,17,18,1,0,0
970,-24.91261188,10.63839157,0,71,2,0,17,18,1,0,0
971,-27.22233753,11.13799814,0,71,2,0,18,17,1,0,0
972,-23.38119373,10.23535986,0,73,2,0,19,20,1,0,0
973,-21.44922418,9.248272711,0,74,2,0,20,19,1,0,0
974,-19.9132391,8.866343371,0,75,2,0,21,22,1,0,0
975,-110.8290362,2.668387268,0,1,1,0,1,1,1,0,0
976,-110.0128547,5.536184092,0,2,1,0,1,1,1,0,0
977,-109.0875392,8.429532111,0,3,1,0,1,1,1,0,0
978,-108.10183,11.20331314,0,4,1,0,1,1,1,0,0
979,-106.973483,14.08213359,0,5,1,0,1,1,1,0,0
980,-105.8225375,16.76343425,0,6,1,0,1,1,1,0,0
981,-104.8089542,18.95162441,0,7,1,0,1,1,1,0,0
982,-103.5637173,21.45560214,0,8,1,0,1,1,1,0,0
983,-100.3119833,22.75497292,0,9,1,0,2,2,1,0,0
984,-100.0650147,19.80725479,0,10,1,0,2,2,1,0,0
985,-99.6246601,16.39599311,0,11,1,0,2,2,1,0,0
986,-99.29540795,13.49673957,0,12,1,0,2,2,1,0,0
987,-98.67147061,10.35724969,0,13,1,0,2,2,1,0,0
988,-97.97670645,7.334295299,0,14,1,0,2,2,1,0,0
989,-97.13060363,4.187758167,0,15,1,0,2,2,1,0,0
990,-94.16898786,4.332443284,0,16,1,0,3,3,1,0,0
991,-93.07627073,7.106696751,0,17,1,0,3,3,1,0,0
992,-91.87241182,9.895635265,0,18,1,0,3,3,1,0,0
993,-90.62016705,12.55973119,0,19,1,0,3,3,1,0,0
994,-89.2156781,15.31437835,0,20,1,0,3,3,1,0,0
995,-87.80800017,17.87028524,0,21,1,0,3,3,1,0,0
996,-84.52126611,18.95627008,0,22,1,0,4,4,1,0,0
997,-84.08087218,15.54500839,0,23,1,0,4,4,1,0,0
998,-83.75162003,12.64575486,0,24,1,0,4,4,1,0,0
999,-83.12768268,9.506264976,0,25,1,0,4,4,1,0,0
1000,-82.4329579,6.483310588,0,26,1,0,4,4,1,0,0
1001,-81.58681571,3.336773455,0,27,1,0,4,4,1,0,0
1002,-79.77102733,2.372914667,0,28,1,0,5,5,1,0,0
1003,-78.67827083,5.147168134,0,29,1,0,5,5,1,0,0
1004,-76.22216714,10.60020257,0,30,1,0,5,5,1,0,0
1005,-77.47445129,7.936106648,0,30,1,0,5,5,1,0,0
1006,-74.8176782,13.35484973,0,32,1,0,5,5,1,0,0
1007,-73.41000027,15.91071725,0,33,1,0,5,5,1,0,0
1008,-71.48019608,14.98233093,0,34,1,0,6,6,1,0,0
1009,-71.03984151,11.57106924,0,35,1,0,6,6,1,0,0
1010,-70.71058936,8.671815706,0,36,1,0,6,6,1,0,0
1011,-70.08665202,5.532325822,0,37,1,0,6,6,1,0,0
1012,-69.39188787,2.509371434,0,38,1,0,6,6,1,0,0
1013,-68.30964319,2.849371617,0,39,1,0,7,7,1,0,0
1014,-67.34397337,5.670357393,0,40,1,0,7,7,1,0,0
1015,-66.2679098,8.511067588,0,41,1,0,7,7,1,0,0
1016,-65.13786982,11.22925803,0,42,1,0,7,7,1,0,0
1017,-63.85983763,14.04481073,0,43,1,0,7,7,1,0,0
1018,-61.94798621,12.3965815,0,44,1,0,8,8,1,0,0
1019,-61.50763164,8.985319813,0,45,1,0,8,8,1,0,0
1020,-61.17837949,6.086066279,0,46,1,0,8,8,1,0,0
1021,-60.55444215,2.946576394,0,47,1,0,8,8,1,0,0
1022,-58.47574024,2.891930696,0,48,1,0,9,9,1,0,0
1023,-57.11971588,5.79142045,0,49,1,0,9,9,1,0,0
1024,-55.66845526,8.32279977,0,50,1,0,9,9,1,0,0
1025,-54.00357247,11.33256517,0,51,1,0,9,9,1,0,0
1026,-52.02042179,9.367839704,0,52,1,0,10,10,1,0,0
1027,-51.23219302,6.01984577,0,53,1,0,10,10,1,0,0
1028,-50.6070352,3.169686751,0,54,1,0,10,10,1,0,0
1029,-48.49486871,3.300277373,0,55,1,0,11,11,1,0,0
1030,-47.38309645,5.857877179,0,56,1,0,11,11,1,0,0
1031,-46.18478872,8.317760397,0,57,1,0,11,11,1,0,0
1032,-43.99592927,9.398705863,0,58,1,0,12,12,1,0,0
1033,-43.73230708,5.83071181,0,59,1,0,12,12,1,0,0
1034,-43.22628318,3.088190644,0,60,1,0,12,12,1,0,0
1035,-42.30360552,1.509489004,0,61,1,0,13,13,1,0,0
1036,-41.40844756,4.150710903,0,62,1,0,13,13,1,0,0
1037,-39.89919477,7.394531552,0,63,1,0,13,13,1,0,0
1038,-37.9084063,5.318309959,0,64,1,0,14,14,1,0,0
1039,-37.20675238,2.039095589,0,65,1,0,14,14,1,0,0
1040,-35.55076723,2.87803305,0,66,1,0,15,15,1,0,0
1041,-34.50092414,5.033703506,0,67,1,0,15,15,1,0,0
1042,-31.949033,5.279845371,0,68,1,0,16,16,1,0,0
1043,-31.39466262,2.610513221,0,69,1,0,16,16,1,0,0
1044,-29.85796888,2.124883037,0,70,1,0,17,17,1,0,0
1045,-26.89418775,3.242718287,0,71,1,0,17,17,1,0,0
1046,-29.14430708,3.964844661,0,71,1,0,18,18,1,0,0
1047,-25.36643102,2.826025148,0,73,1,0,19,19,1,0,0
1048,-23.19973694,2.714922726,0,74,1,0,20,20,1,0,0
1049,-21.67859438,2.277717765,0,75,1,0,21,21,1,0,0